UnqID,Grid,Station,Gd-St,cobble,gravel,coarsesand,sand3,sand2,sand1,finesand,veryfine,siltclay,Total,UnqID save
2,14,305,14_305,10.15014607,6.676178182,7.550331771,4.78519827,10.71177843,34.17125258,16.64968182,5.369477093,3.935955794,100,
3,14,215,14_215,4.624749606,2.781073144,8.179855695,5.731344445,11.82831249,38.9914234,18.44065423,5.412396196,4.010190786,100,
5,14,204,14_204,8.827628534,4.117173215,6.226904832,5.200168779,10.71232211,37.11465432,18.06185989,5.49680983,4.242478487,100,
6,2,206,2_206,2.254075111,2.968453874,8.928053654,18.35491177,33.45897995,23.81108464,6.421004417,1.859485899,1.943950683,100,
7,14,205,14_205,7.769142883,3.104037285,6.420741847,5.019173991,11.96366557,40.5685456,17.06089298,5.064422348,3.029377496,100,
8,14,402,14_402,4.833751954,3.066762686,5.343122618,4.638785941,11.13238368,42.30411185,19.04343702,5.713733687,3.923910562,100,
9,14,115,14_115,7.623757276,4.378509246,11.81338965,5.00523704,9.594944968,33.23717784,17.34919899,6.337677501,4.660107488,100,
10,14,315,14_315,0.207370437,0.379593343,7.4688505,7.01017521,15.62659262,44.5055621,17.11684797,4.932956083,2.752051737,100,
11,14,207,14_207,6.729344785,4.355193214,6.746773303,2.95607045,11.06323648,40.16595823,17.76934324,5.481269183,4.732811123,100,
14,14,107,14_107,11.69462256,4.273035167,7.536713029,4.448400958,9.528654235,35.81344293,17.37861608,4.962450302,4.364064738,100,
16,14,408,14_408,5.247918206,4.137628053,8.079557481,5.793078659,11.44237874,38.25508717,17.82854404,5.381712163,3.834095493,100,
17,14,201,14_201,12.33255647,4.735248633,6.795757008,5.129489665,10.45936704,34.78251399,16.88048616,5.234039773,3.650541265,100,
19,14,301,14_301,10.37328328,4.623588644,5.249203086,4.251199094,10.02174755,34.85268269,19.36425656,6.938362082,4.325677004,100,
21,14,404,14_404,9.577327886,4.200902146,5.765229409,4.907127561,11.15988032,36.70397764,18.32237292,5.368831918,3.994350197,100,
26,14,414,14_414,4.527227196,3.676121577,8.07568293,5.363602141,11.11020181,39.40455342,18.59665777,5.006792478,4.239160679,100,
33,14,304,14_304,6.125678616,5.253093611,6.930127261,4.773941139,11.055674,36.93430336,18.87596984,5.65751588,4.393696288,100,
37,14,113,14_113,6.513291908,3.66319177,8.755713039,4.933326486,10.6677622,38.73739708,17.92567487,4.834043719,3.969598932,100,
39,14,312,14_312,2.42296504,3.030883659,7.948231114,6.051315996,12.02598896,40.95873469,18.9796025,4.633419847,3.948858193,100,
40,14,310,14_310,6.733331761,3.438598146,8.898375038,6.471545482,12.25442796,38.08872432,16.98544846,4.235749157,2.893799675,100,
41,14,303,14_303,6.748890247,5.289598894,6.998750698,5.199223838,10.80247734,35.63966933,18.68637197,5.869062492,4.765955185,100,
43,14,212,14_212,3.726717723,2.954654902,9.213490128,5.859599522,11.87143678,40.15658739,17.15004738,4.871607662,4.195858512,100,
45,14,111,14_111,9.697231419,3.66904979,8.500871679,4.766246021,9.989923708,36.90481903,17.01773747,4.881403643,4.57271724,100,
51,2,309,2_309,13.31699887,9.244420899,30.90523806,4.052711741,13.84676511,20.90921131,4.966558506,2.079332495,0.678762996,100,
54,2,110,2_110,3.009428682,1.928789771,5.142291299,20.74137857,33.01502562,24.41167607,7.849485513,1.812545744,2.08937874,100,
64,2,109,2_109,2.514461619,2.836155142,4.688993121,17.31382261,35.12222165,26.51527862,6.983886145,2.162860082,1.862321008,100,
71,13,410,13_410,9.559467631,3.413490068,9.138432846,5.463562124,10.36904123,34.55310972,17.00245839,6.572663822,3.927774167,100,
74,2,116,2_116,0.038217047,0.082803603,10.1708302,23.72450604,28.96788494,26.17995134,7.490541281,2.210219238,1.135046306,100,
79,2,108,2_108,3.129730871,1.991401888,4.280188853,16.2088344,33.52455224,28.08087796,7.752227019,2.732169249,2.30001752,100,
80,2,112,2_112,0.117351507,0.369439929,17.7331166,25.52177957,25.6973722,21.80130217,5.988403933,1.914133468,0.857100635,100,
81,2,103,2_103,1.430666251,0.737746644,4.665050867,19.30297758,36.84478449,28.3717149,5.816117979,1.758131548,1.072809743,100,
82,2,101,2_101,0.004564959,0,5.897927508,31.04172373,42.44499224,18.31766031,1.736206214,0.450409325,0.106515719,100,
84,2,104,2_104,3.037828668,2.242578456,5.573536896,13.15012723,28.30195081,32.46547922,9.688888889,3.296352841,2.243256997,100,
85,2,307,2_307,2.092532762,2.272637508,7.769781899,17.41960456,29.40130971,29.78679706,7.137045492,2.417195264,1.703095748,100,
86,2,205,2_205,1.877865768,0.625660481,5.278540509,21.34585539,37.28936466,25.18294489,5.395713673,1.770420187,1.233634446,100,
87,2,105,2_105,0.868987044,0.974262839,6.14847581,20.8704646,33.27269201,28.64609787,6.249134245,1.917127633,1.052757949,100,
88,2,114,2_114,0.181528066,0.156979786,15.38401907,27.64911465,26.21756236,21.96683398,5.84184448,1.767476114,0.834641498,100,
92,2,314,2_314,1.45978891,0.614241118,15.26624052,32.05946187,33.25642931,6.951092612,6.954660324,2.157276646,1.280808681,100,
93,2,304,2_304,0.070211142,0.147545154,8.56982956,33.43271432,50.15212414,3.201221063,3.20732638,0.83642839,0.382599847,100,
94,2,204,2_204,5.322043334,2.484578017,6.70036905,21.64734616,42.18754209,8.354359909,8.359747502,3.015255866,1.92875807,100,
95,14,314,14_314,4.863448194,4.589451112,9.851982011,7.499180987,14.31039104,22.19972005,22.21758942,9.280162016,5.188075171,100,
96,2,107,2_107,2.337508253,3.166113306,9.281142059,23.72336456,36.88440672,9.4514558,9.457196712,3.27232019,2.426492398,100,
97,2,214,2_214,0.114745876,0.234301459,22.93131051,31.66573908,28.10449433,6.679996427,6.684119033,2.197349164,1.387944125,100,
98,2,308,2_308,1.985798752,2.331234522,9.008745556,24.71967613,40.33465233,8.381843603,8.387326711,2.884114524,1.966607876,100,
99,14,306,14_306,3.806215655,3.945893294,5.917921009,41.08360442,7.970814725,13.98246678,13.99349396,6.050247193,3.249342964,100,
100,4,212,4_212,1.693851427,1.233018128,29.5940868,21.32221167,22.82281042,8.942478424,8.947433621,3.29025065,2.153858859,100,
101,4,101,4_101,0.739619244,0.598447106,30.33973382,20.79526971,26.8237292,8.361891707,8.368029626,2.297627694,1.675651898,100,
102,2,303,2_303,0.001042481,0.003127443,6.321605421,37.55225437,51.8457128,1.870211102,1.876465989,0.41490748,0.114672922,100,
103,2,207,2_207,3.155588753,2.020669357,11.88209325,20.48206203,38.39996432,9.123949252,9.127293808,3.32448884,2.483890388,100,
104,14,316,14_316,6.830593281,4.771979986,9.972837741,6.942101501,13.10936383,23.13652609,23.1536812,7.548248749,4.53466762,100,
105,2,106,2_106,3.439797812,2.836592424,8.425023097,20.77011766,39.3144838,9.640596486,9.645177793,3.497064146,2.431146777,100,
106,4,216,4_216,4.494635087,1.919837116,19.32990387,22.27767818,26.89303507,9.899188281,9.904593735,2.949576122,2.331552537,100,
107,2,203,2_203,2.616566474,1.072195643,6.437719468,25.5247338,50.51422208,5.450185802,5.453595009,1.673920702,1.256861029,100,
108,2,306,2_306,0.751461015,3.236047166,9.344753551,31.24906713,34.48224393,8.513496446,8.516940882,2.24232752,1.663662353,100,
109,2,113,2_113,0.253694259,0.225796609,21.47072926,28.80606774,32.36040277,6.984874243,6.990105052,2.095810993,0.812519071,100,
110,2,301,2_301,0,0,5.58453136,41.16158252,48.99324733,1.940752733,1.946900841,0.239776209,0.133209005,100,
111,4,207,4_207,8.97871769,3.49097746,15.64331102,14.95486963,26.18975254,11.4122944,11.41653532,4.344107606,3.569434333,100,
112,4,309,4_309,3.165940805,2.689538708,23.86276775,21.31721625,23.73300151,9.823126833,9.833792552,3.078837437,2.495778153,100,
116,2,404,2_404,0.302728663,0.665489959,6.119736883,28.49343746,37.76103933,22.19565507,3.253050376,0.719878498,0.488983755,100,
117,2,402,2_402,0.002332062,0.001749047,2.99028696,36.59938667,40.59887361,17.76098693,1.793355954,0.191812129,0.061216637,100,
118,14,313,14_313,3.637274093,1.905130423,10.9459644,8.767697,12.69176492,35.27108845,17.87681522,5.806436928,3.097828561,100,
119,2,315,2_315,0.707033855,0.529017324,10.84139545,24.86318517,28.41470932,24.68705574,6.88288651,1.847471914,1.227244707,100,
120,14,103,14_103,7.716416611,4.853594126,7.204213703,5.281639049,10.0177022,35.45372762,18.55538466,6.795031777,4.122290258,100,
121,4,314,4_314,4.717877095,1.166201117,17.99581006,16.41340782,20.25698324,25.10055866,9.357541899,2.051675978,2.939944134,100,
122,2,407,2_407,2.481207311,1.795798832,5.652592819,18.72114321,34.40206815,27.14064944,6.631815927,1.809154043,1.365570267,100,
126,2,408,2_408,4.772363526,3.297974794,6.584171107,16.87024963,31.77903569,24.93920225,7.845161469,2.193568949,1.718272582,100,
127,2,310,2_310,5.320177648,1.982617356,10.54597252,21.18748589,30.98129136,21.55343629,5.252430501,1.852913417,1.323675022,100,
128,4,208,4_208,4.62036057,1.75495651,20.1234619,17.97706967,22.51583186,21.38764553,7.583327913,2.316684504,1.720661538,100,
129,2,415,2_415,0.808209767,0.49552888,18.01052728,20.98153668,31.98703835,19.8173684,5.003435162,1.715958086,1.180397397,100,
130,2,409,2_409,3.05728402,1.781399288,7.549693127,40.37674895,22.57845122,16.96416602,4.997923663,1.570168756,1.124164969,100,
131,2,102,2_102,0.001623574,0.008117871,5.043633559,26.24426675,43.00442424,18.79043715,6.374964484,0.422129318,0.110403052,100,
132,2,410,2_410,1.020988959,0.827255597,10.99790358,34.07974885,26.16991264,18.78259087,5.48357332,1.554816289,1.083209893,100,
133,2,302,2_302,0.001835553,0.009177764,6.85120091,27.46262356,42.69587643,20.41593627,1.977808166,0.453381547,0.132159803,100,
134,2,401,2_401,0.001685722,0.001685722,4.085769553,43.39681483,36.04959395,14.1756607,1.936473553,0.270558438,0.081757534,100,
135,4,311,4_311,2.413519338,1.560621527,23.47056822,17.99478281,19.70057843,23.32539412,7.211069525,2.631280481,1.692185551,100,
136,4,204,4_204,2.204028329,1.522929328,17.47651816,15.54573309,21.85242855,26.87729168,9.536390577,2.995630117,1.989050178,100,
137,2,405,2_405,1.212864841,3.971382039,10.59403013,16.8093004,34.78247437,22.8700937,5.930591294,2.146788424,1.682474809,100,
138,2,311,2_311,1.452956239,0.778108654,11.39887456,26.72636339,29.36838647,20.73200624,6.327608776,1.961960291,1.253735391,100,
140,2,413,2_413,2.249534532,1.701346991,13.13739087,20.15790422,28.06621931,24.40908768,6.256654418,2.438451752,1.583410229,100,
141,4,211,4_211,1.765081414,1.501301362,23.78019264,18.49477,19.40958167,22.34904555,8.138596774,2.737419586,1.824011,100,
142,2,201,2_201,0.002123582,0.005308955,4.480226799,33.8982061,43.14852862,15.89235564,1.911754556,0.475682333,0.185813411,100,
143,4,411,4_411,1.900970002,1.030505299,28.7116732,17.36830806,17.87965728,20.9477526,8.050822648,2.498194664,1.612116244,100,
144,14,208,14_208,4.857159215,4.035037499,6.688040305,5.105627755,11.01849201,38.40041221,17.66416671,7.589168146,4.641896147,100,
145,4,202,4_202,1.485109269,0.886132814,21.86880654,14.65290195,21.79305363,26.82269416,8.404168171,2.603785884,1.483347574,100,
146,2,115,2_115,0.871546899,0.985170791,12.56125038,22.8713274,27.76490184,23.60600915,6.908461752,2.619805419,1.811526369,100,
147,4,110,4_110,2.247539633,1.976050807,18.61540699,17.69040578,22.19518107,24.05487953,8.279439569,2.838997431,2.10209919,100,
148,4,112,4_112,5.459261394,1.981143728,20.0823418,16.18592779,18.70229322,23.65268228,8.080200914,3.338136605,2.518012269,100,
149,4,306,4_306,6.171171961,3.978458786,17.22770888,12.76509902,16.80670795,25.23374322,10.85656147,4.059150631,2.901398074,100,
150,4,107,4_107,6.728704366,2.557719634,12.55889486,12.55675809,18.83246616,29.15308924,10.32596502,4.185942158,3.100460475,100,
151,4,210,4_210,5.731950342,2.095612312,19.0076825,16.55294308,20.53854983,22.25672659,8.35921161,3.081451437,2.375872292,100,
152,4,308,4_308,2.658743175,0.82579251,17.26639526,15.30224392,21.27959251,29.305987,8.796233769,2.963591812,1.601420054,100,
153,4,302,4_302,4.240826615,1.797156106,27.41721345,14.0289777,16.54191761,22.09501453,8.926131881,2.89392161,2.058840507,100,
157,2,416,2_416,1.516126164,2.553200391,14.09333145,18.78814503,28.62858308,22.70842159,6.879311337,2.865420922,1.967460031,100,
158,2,412,2_412,0.460494345,0.663799459,11.59863934,42.66333004,18.01679994,19.05349073,5.234362862,1.542804817,0.766278459,100,
159,4,209,4_209,2.59199096,2.259104927,20.74440285,16.25491442,21.80144549,24.61802858,6.825340773,2.746427478,2.158344516,100,
160,4,414,4_414,0.62574293,0.708726759,24.02942562,18.23177159,19.9721892,24.03615404,8.598918967,2.25402023,1.543050665,100,
161,4,305,4_305,7.089595849,3.183656296,17.21792384,12.91461163,17.23896122,26.10270915,9.611743531,3.835814965,2.804983521,100,
162,4,113,4_113,3.093388973,1.61353889,16.57122986,16.79146864,22.66913952,24.52841853,8.940921912,3.362312121,2.429581546,100,
163,2,406,2_406,0.91764263,1.035564894,8.209233275,24.47828041,39.24199415,19.13067861,4.804467986,1.602129515,0.580008527,100,
164,4,103,4_103,3.665128023,1.961573362,10.97881406,12.08742652,22.82952618,30.51011954,11.22973133,4.154337791,2.583343196,100,
165,2,305,2_305,0.515102048,2.268478969,6.967833611,17.36545179,34.63701799,28.8837764,5.96977053,2.115386242,1.277182417,100,
166,4,214,4_214,2.069697287,1.294254816,17.04246118,16.28799329,22.14483563,26.16701933,9.079524494,3.530514926,2.383699052,100,
167,4,301,4_301,0.006401912,0.128038241,42.18006445,13.10898188,15.23441668,19.86086511,6.167175263,2.234267301,1.079789164,100,
168,2,209,2_209,1.655567962,1.48286194,5.611740796,19.62502711,33.65839552,26.44811991,7.370932372,2.542393304,1.604961081,100,
169,4,412,4_412,2.479535409,1.046518542,23.12251006,18.20506214,20.14349989,23.65567954,7.151210037,2.5905298,1.605454581,100,
170,2,202,2_202,0.002568172,0.002054538,4.601137187,42.92083353,35.89226004,14.47473175,1.777175113,0.222403706,0.106835961,100,
171,4,316,4_316,0.60157728,0.629211572,16.44452947,18.25351274,22.72601662,26.78613184,8.545373382,3.564823672,2.448823417,100,
172,4,203,4_203,3.37671469,0.997214911,17.01845053,18.07503324,22.64936337,26.16218627,7.799889472,2.536810773,1.384336749,100,
173,4,109,4_109,2.824044369,1.900275109,19.51781178,15.37535268,20.17614021,26.29885825,8.50641189,3.182653178,2.218452533,100,
174,4,401,4_401,1.77830357,0.653484311,33.139917,15.64794472,15.86952848,21.01477851,7.060635082,3.224231499,1.611176835,100,
175,4,310,4_310,4.396528732,1.862831586,18.4929118,15.95100835,18.83142195,25.02308024,9.117206573,3.719508442,2.605502329,100,
176,4,206,4_206,4.898404615,1.665021047,17.27589253,14.8781375,19.2454399,26.51457673,9.443433976,3.790469262,2.288624435,100,
177,4,415,4_415,1.321310365,1.438586432,21.23478669,19.32448985,21.04453884,23.82789086,7.406635219,2.645226864,1.756534883,100,
178,14,302,14_302,8.152067957,3.570533352,8.65617602,6.024230609,10.17407046,32.74474307,18.73276702,7.884695725,4.060715778,100,
179,4,416,4_416,0.711698706,0.699035028,15.71815718,18.64346681,22.76676038,27.63467822,8.783527088,3.138059418,1.904617177,100,
180,4,213,4_213,3.008838108,1.070599746,22.55536958,17.0139647,19.24734574,23.61707461,8.154024048,3.366243764,1.966539715,100,
181,4,105,4_105,1.833956193,1.999938902,16.45774569,14.31015346,19.71528365,29.12029164,10.21761046,3.758540981,2.586479028,100,
182,4,407,4_407,2.535022031,3.212740313,20.26436941,16.50431724,18.49597913,24.24571733,9.171919148,3.250281559,2.31965383,100,
183,2,312,2_312,1.001219111,33.5205217,18.93453567,21.72301024,15.56630609,4.235152969,2.482342241,1.632834723,0.904077249,100,
184,4,114,4_114,3.562505632,1.45973443,17.30874776,17.76174054,21.43483211,24.86709208,8.49791525,3.08739566,2.020036534,100,
188,2,111,2_111,0.962629978,0.561396556,10.68676136,27.45889628,27.29254127,28.60852084,0.668309577,2.555592707,1.20535143,100,
189,4,201,4_201,0.393920753,0.300237594,28.38543283,15.12813712,20.62666132,24.05907683,7.021157721,2.500663119,1.584712714,100,
190,4,215,4_215,2.281154428,0.799200799,13.04278544,18.36813493,24.4975883,34.56482168,1.025355013,3.440118164,1.980841245,100,
191,4,403,4_403,5.820823467,2.280512196,13.42329709,11.91291754,17.69925745,29.19377457,11.96119451,4.554127681,3.154095496,100,
192,4,111,4_111,3.019707804,1.681291497,20.10105795,16.79186123,19.72810599,31.6114382,1.327137519,3.507703413,2.231696405,100,
193,4,115,4_115,2.563596655,1.307652009,20.77751546,16.54635633,21.75179105,24.39430947,7.721406168,2.934392881,2.002979977,100,
194,4,106,4_106,5.862650265,1.96255972,10.61298705,12.18759892,19.08158683,40.06610572,1.294877174,5.30538931,3.626245003,100,
195,4,102,4_102,4.66610482,1.199903207,16.77778427,15.27498477,20.86146041,27.44841167,8.436871574,3.223383927,2.11109535,100,
196,4,104,4_104,4.988611119,3.552581011,17.32515958,13.45106531,18.74994142,25.40517233,10.24061941,3.677249421,2.609600405,100,
197,4,402,4_402,2.29435951,1.37207242,17.86192953,15.26089821,20.92864769,28.24333841,8.984348379,3.146225665,1.908180187,100,
198,2,403,2_403,0,0.001249399,3.923736702,37.21084228,41.81175309,15.16957464,1.466169406,0.292984001,0.123690474,100,
199,14,101,14_101,4.702208752,4.536896726,8.058961289,6.070624971,10.99784176,33.92110943,12.34788998,14.78165037,4.582816733,100,
200,4,116,4_116,1.55186112,1.755310855,23.29647973,16.48685373,20.40660246,23.77911596,7.534322861,2.761421772,2.428031512,100,
201,4,408,4_408,4.388002174,2.157763832,20.10673519,15.41071634,18.74289667,24.57050617,8.79082868,3.533132381,2.299418557,100,
202,4,205,4_205,7.649611264,2.563771584,13.88229687,12.20919264,18.15988323,27.87282422,10.45863908,4.185242923,3.018538193,100,
203,4,406,4_406,5.23004989,1.489479646,21.08168036,15.08278904,17.64961076,24.33539804,9.161022872,3.492323636,2.477645755,100,
204,4,307,4_307,2.338076932,2.351565837,16.09001596,15.16602594,20.10071716,28.05467503,9.889615791,3.617274791,2.392032553,100,
205,4,303,4_303,6.744844577,2.674900411,13.81125314,13.38730062,18.98827331,27.74569248,9.96848353,4.314716752,2.364535172,100,
206,4,108,4_108,2.609764707,2.833737052,18.5519701,14.69209889,19.43081811,26.97771232,9.137828199,3.416795491,2.349275133,100,
207,4,304,4_304,5.226717599,2.927402619,16.89408826,13.67467999,17.04468237,26.03625278,10.78217113,4.596793447,2.817211805,100,
208,4,410,4_410,2.760127528,1.681046976,24.96822955,16.59197824,18.89505719,23.24705148,7.488908211,2.566160569,1.80144026,100,
209,4,405,4_405,7.361030139,3.50307977,17.13264556,14.52941624,16.69666168,23.98164812,8.022610327,5.807203873,2.965704291,100,
210,4,413,4_413,2.39985952,1.088716758,22.74793671,18.28966109,20.53538329,23.40350809,7.209334088,2.585214524,1.740385929,100,
211,4,313,4_313,0.840319558,1.357135812,27.21964691,18.5580432,19.62126442,21.42025841,6.215603117,3.248841109,1.518887464,100,
212,4,409,4_409,5.049208387,2.10600733,18.86290488,16.5652732,19.87497907,24.28419936,8.012874179,3.060408178,2.184145411,100,
213,14,216,14_216,5.326257544,3.688902551,8.622000744,5.604543175,10.43085735,35.1367968,17.74394486,8.893814616,4.55288236,100,
214,14,311,14_311,9.451064756,5.172705518,7.679292258,4.872978657,10.0142612,33.53798555,17.65729617,7.282879312,4.331536584,100,
215,4,315,4_315,2.242207112,1.077234286,16.2633131,16.06102703,21.70310253,27.99103117,6.753430333,6.02227584,1.886378592,100,
220,4,404,4_404,7.159102765,3.267605634,15.65153886,14.36619718,17.45435576,25.38341158,6.528951487,7.459572248,2.729264476,100,
221,4,312,4_312,0.217873965,1.020895151,23.16726496,17.98808956,20.88892578,24.79405723,7.588238956,2.637312473,1.697341938,100,
307,2,414,2_414,0.813899228,1.187207675,14.16039964,20.89803832,28.10158909,24.27156019,6.482255188,2.785344026,1.299706635,100,
308,2,313,2_313,0.299717184,0.242628197,17.09364472,20.04048811,27.82336968,25.10413106,6.032653398,2.030414909,1.33295274,100,
309,2,411,2_411,0.859693974,0.62149851,9.590105306,26.89076205,26.09472377,26.47186658,5.790613867,2.522955403,1.157780538,100,
313,6,402,6_402,0.920475078,0.768183455,5.317353922,11.00818848,21.14701447,37.82795381,14.52838169,5.000216705,3.482232395,100,
314,3,204,3_204,0,0.008374638,25.90632192,28.59427051,22.83903326,16.86977748,3.978108076,1.115532782,0.688581336,100,
315,12,309,12_309,1.714832516,0.290954801,9.094632696,14.05640074,21.38535445,39.107821,10.96924318,2.615944959,0.764815655,100,
316,3,210,3_210,0.212600012,0.237312792,13.92871853,21.78983621,29.04487736,26.89854615,5.606996696,1.342727695,0.938384555,100,
317,5,403,5_403,0,0.245554509,9.304732317,10.78801429,19.94902255,38.7102996,14.67333369,4.234363529,2.094679514,100,
318,12,416,12_416,0,0,35.96336629,19.59762631,14.31613476,19.86593073,6.691230136,2.499958531,1.065753243,100,
319,12,114,12_114,0,0.076447404,23.35400245,19.62982468,19.81465752,25.17854716,8.463746942,2.415228323,1.067545529,100,
320,5,307,5_307,1.766981684,1.424237947,7.708724369,10.22740746,19.48604856,36.78265961,14.53076577,4.825591046,3.247583556,100,
321,5,303,5_303,1.833694264,1.09604955,11.78779403,13.29801899,20.14664503,32.44984332,12.62245849,3.845222988,2.920273339,100,
323,12,103,12_103,1.339287817,0.906362913,6.965898331,11.98512635,23.77161288,39.16847641,11.680807,2.871562471,1.310865834,100,
324,5,402,5_402,0.232291426,0.114911314,6.51785053,14.83814786,34.42199833,31.98372389,7.091060483,2.959639645,1.840376514,100,
325,3,213,3_213,3.205453363,1.18375169,12.28688695,16.44710267,31.4282233,23.55438066,7.274550133,2.365251895,2.254399337,100,
329,12,111,12_111,0.309988914,0.085316547,21.68841611,23.02498743,25.54010615,20.18399553,5.780728286,2.400326201,0.986134833,100,
330,5,304,5_304,1.027328143,0.879979152,11.802811,11.25652245,22.83419516,32.43656841,12.52094139,4.111663888,3.129990418,100,
331,12,104,12_104,0,0.028308337,10.61188736,23.66434503,35.20043727,20.81161247,7.127825492,1.912860175,0.642723867,100,
332,12,101,12_101,0.28835989,0,10.43503442,15.64225929,30.75751602,29.30263309,10.24994679,2.385379997,0.938870494,100,
333,12,304,12_304,0.947600844,0.403669011,3.428560312,10.81132608,46.1651444,27.09796026,8.629178947,1.841897925,0.674662231,100,
334,12,405,12_405,0.882619424,0.633503224,16.38792404,14.42767732,26.96791812,27.37500159,9.302093339,2.755893359,1.267369591,100,
335,12,216,12_216,0.079374759,0.301704058,23.83881926,20.39431461,23.79703254,19.82029715,8.226783883,2.386041239,1.155632509,100,
336,3,209,3_209,0.159508802,0.177022148,16.81658892,19.92400582,37.46018719,18.78787046,4.679668895,1.214602009,0.780545764,100,
337,12,413,12_413,0,0.00395178,36.52359837,19.38493665,22.36728259,11.81187032,6.902095691,1.960082863,1.046181749,100,
338,12,302,12_302,0.041233601,0.04858983,6.534267445,11.1504949,42.92650159,27.87604367,8.884582699,1.909135082,0.629151188,100,
339,12,102,12_102,0,0,14.68873708,19.9584761,33.71204487,20.60285971,8.279145492,1.983832683,0.774904066,100,
340,12,105,12_105,0,0,20.30803449,20.73421966,27.66870837,21.96286939,6.653013084,2.012464362,0.660690634,100,
341,12,116,12_116,0,0,15.73452173,22.13417519,30.70557686,22.16219016,7.195137167,1.494445268,0.573953618,100,
342,12,203,12_203,0,0.029303579,20.74790504,17.7612066,33.08568302,19.91558627,6.127038299,1.720654328,0.612622881,100,
346,12,211,12_211,0.404014055,0.227401758,16.9425051,22.31575394,41.78867901,10.11093891,6.156265824,1.284160133,0.77028126,100,
347,12,308,12_308,0.699876098,0.626800517,10.73539735,10.6513892,39.79358546,21.2057279,10.88864509,3.876841754,1.521736629,100,
348,12,410,12_410,0,0.005339548,13.93431212,12.7256674,44.21850954,18.17734544,8.876807103,1.542557147,0.519461697,100,
349,12,406,12_406,12.95896861,2.194543073,8.689312093,6.913627129,22.47840204,29.27639698,10.74467883,4.201302523,2.542768717,100,
350,12,412,12_412,0.324656727,0.164476376,10.9294961,21.21090617,39.87836113,18.00279855,7.14265257,1.619192184,0.72746019,100,
351,12,206,12_206,1.504736999,0.339850572,14.415672,10.43936141,33.37647728,26.18410241,9.758335027,2.957200621,1.024263682,100,
352,12,316,12_316,0.127492769,0,30.08760154,23.53582253,17.42291618,19.47162291,6.556449716,1.988506622,0.809587733,100,
353,12,314,12_314,0,0.219499688,40.30646885,6.482749146,29.51951295,12.49998003,6.510066792,3.238658783,1.223063762,100,
354,3,416,3_416,2.555368757,2.169637409,10.88291423,15.09496423,32.27956354,23.21041426,8.38953511,2.421003778,2.996598684,100,
355,12,106,12_106,0,0.010589526,19.80314436,10.0319329,42.61353159,18.44805016,6.883739782,1.744168001,0.464843686,100,
356,12,115,12_115,0.606802845,0,18.18288558,19.85766796,32.77240898,19.67176222,5.997416889,1.693209875,1.217845646,100,
357,12,215,12_215,0.109827157,0.061542491,42.14514862,5.574178342,26.29255598,14.06736939,7.499181616,3.03964253,1.210553882,100,
358,12,108,12_108,0,0.00711082,11.43668792,20.9850975,43.16534613,16.83273395,5.550528601,1.296124781,0.7263703,100,
362,12,402,12_402,2.255579614,1.316622252,16.62162725,7.700699534,29.01503165,27.14336276,11.05283977,3.294262159,1.599975017,100,
363,12,110,12_110,0,0.154713228,25.83638836,21.70645808,23.31965579,17.81772668,7.560527947,2.292110106,1.312419821,100,
364,12,204,12_204,1.597698451,0.615353384,22.36761972,7.853051074,29.51967545,25.03330521,9.173681907,2.665844081,1.173770721,100,
365,12,414,12_414,0,0,27.1086709,22.2216647,26.60922091,15.25619005,6.540131617,1.477700369,0.786421445,100,
366,12,313,12_313,0,0.017983829,41.09690348,5.599944213,21.79474946,20.51312636,7.322171125,2.664726371,0.990395167,100,
367,12,315,12_315,0,0.012310404,29.38736305,17.74123532,28.40155889,15.31883945,7.00154204,1.315107457,0.822043397,100,
368,12,303,12_303,1.067769411,0.519180639,19.90404235,5.00555487,34.16553512,25.81943406,9.247768976,2.87346515,1.397249432,100,
369,12,107,12_107,0,0.035665222,20.50376026,22.06356335,28.89389376,20.45224383,5.971282891,1.391604142,0.687986544,100,
370,12,113,12_113,0.214165444,0.120868084,27.71288537,2.810736828,43.91807064,17.30124462,5.813114803,1.581747196,0.52716701,100,
371,12,209,12_209,0.641806307,0.263351267,9.661137575,15.57677781,53.28546763,12.5176638,5.5728982,1.763168848,0.71772855,100,
372,12,201,12_201,0,0.125684597,20.89707381,7.10044903,41.52505837,20.48750279,7.01075261,2.168607349,0.684871447,100,
373,12,205,12_205,0,0.055295351,8.334679219,17.31784699,52.52853048,11.73479583,7.89669624,1.446575657,0.685580232,100,
374,12,202,12_202,0.829376614,0.26105324,28.88068459,4.276507014,32.4151938,21.51558918,8.419237782,2.451481288,0.950876496,100,
375,12,213,12_213,0,0,16.10408332,31.49484119,26.6536549,15.99037885,7.074134664,1.594939989,1.087967087,100,
379,12,214,12_214,0.404558145,0.124686809,23.07632686,23.60034845,26.7436355,16.46910547,6.911356104,1.463890532,1.20609213,100,
380,12,301,12_301,0,0.125341415,15.4029633,9.963894189,49.30407453,17.43704868,5.909005874,1.401578928,0.456093089,100,
381,12,404,12_404,8.132747226,1.571815797,8.251960419,11.17514913,40.21342352,17.45182525,9.293698089,1.603431948,2.305948622,100,
382,12,208,12_208,4.076313128,1.376994413,14.88281988,5.257706827,42.03482443,18.62736189,9.481153236,2.996037499,1.266788701,100,
383,12,401,12_401,0.38044703,0.032193128,13.19672085,20.02393654,37.85722537,20.60625342,6.30417204,0.964278883,0.634772745,100,
384,12,207,12_207,2.394274652,0.367059679,34.5934877,2.691165268,32.42984841,16.51265349,7.754100767,2.41426305,0.843146985,100,
385,12,210,12_210,1.121145355,0.521471057,11.66064322,16.89451271,49.83897796,11.64061343,6.202614322,1.002882547,1.117139399,100,
386,12,212,12_212,0.519285401,0.173667779,43.59857755,4.341538303,26.82604954,15.11409442,6.188007865,2.155854338,1.082924803,100,
387,12,109,12_109,0,0.103312326,18.45874672,21.10020962,33.60749981,17.87436555,7.066229867,0.782840822,1.006795285,100,
388,12,403,12_403,0.062494895,0.00417899,29.56578395,6.448371429,39.96216115,16.35808625,5.781062717,1.40186117,0.415999453,100,
389,12,112,12_112,0,0,31.15646284,24.91462444,23.15057698,12.53621561,6.179400981,1.33631307,0.726406079,100,
390,5,412,5_412,0.729148142,1.057854278,16.17853639,7.648562185,31.37954669,22.75126037,11.86339413,4.714585161,3.677112661,100,
395,5,410,5_410,0.915263051,1.071081193,12.39938751,7.93921359,28.79650228,27.66147594,13.26688431,4.679744605,3.27044752,100,
396,5,414,5_414,1.00173198,1.201352483,7.811331766,9.591656298,46.43448745,14.21370573,13.00523949,2.12643019,4.614064607,100,
397,5,411,5_411,1.072886829,0.988035376,11.18615498,6.586902504,26.180185,30.64694013,14.58932466,5.20593087,3.543639653,100,
398,5,112,5_112,0.557043795,0.858119796,8.515876174,12.63412776,50.49778608,12.05814703,10.6976665,1.636874682,2.544358176,100,
399,5,212,5_212,1.761806605,1.281045589,13.9203226,8.510790328,33.82755669,23.15062344,11.02084437,3.747139899,2.779870482,100,
400,5,312,5_312,0.819223843,0.590174212,7.591289257,11.64251279,48.75736901,13.64355437,12.14583425,1.797949818,3.012092449,100,
401,5,215,5_215,2.063734035,1.651756522,13.69486131,7.31315757,23.95421482,30.28571197,13.05270275,4.467374823,3.516486186,100,
402,5,415,5_415,5.244884475,1.517640159,13.0773918,5.328508089,25.74579848,27.72779229,13.20582397,4.610857656,3.541303073,100,
403,5,406,5_406,3.505934602,1.989631646,13.47822498,12.78029801,22.19395045,26.87283419,12.69287192,3.134849989,3.351404216,100,
405,5,309,5_309,1.518357497,0.976112386,11.65551152,12.35293804,36.02094949,20.24494459,12.44209616,1.725681277,3.063409044,100,
406,5,316,5_316,3.051218772,1.81085988,20.09215495,6.902948845,21.32497252,27.99319773,11.83440766,4.025369006,2.964870638,100,
407,5,413,5_413,0,0.632837839,8.69090256,10.94650988,42.31582728,17.92293958,14.18761159,1.765395709,3.537975553,100,
408,5,308,5_308,1.463271177,0.819712511,21.57332255,4.079603624,24.46896333,29.68296786,11.75797059,3.752226182,2.401962175,100,
412,5,313,5_313,0.564127751,1.10097,8.478969699,10.33949986,44.21138078,16.36584401,14.21506433,1.574714525,3.149429051,100,
413,5,409,5_409,0.065740912,0.560912222,16.25492096,5.298486806,23.91777388,32.08464046,13.66411392,4.784477456,3.368933383,100,
414,5,216,5_216,2.736382117,1.390200567,8.044275127,10.58097098,34.54812479,24.46336818,13.61027964,1.651913627,2.974484978,100,
415,5,405,5_405,3.396872182,0.995258825,12.72021253,6.878096549,27.82264711,29.26002773,12.04054722,4.045511397,2.840826457,100,
416,5,310,5_310,0.37383674,0.845282718,10.2997666,11.09524869,47.47162194,13.71841395,11.70846046,1.414337934,3.073030966,100,
417,5,416,5_416,1.371592177,0.553686028,9.678890792,4.770306363,26.47020854,33.0639493,14.91423604,5.366164333,3.810966426,100,
418,5,315,5_315,0.150838931,0.483128222,8.418143261,10.67362892,37.00078969,23.18571822,14.14203704,2.460449145,3.485266586,100,
419,5,213,5_213,6.512477524,1.454756806,12.18147669,5.618035434,23.59248485,29.59188932,13.07047883,4.56010857,3.418291971,100,
420,5,104,5_104,0.284593904,0.775652071,12.5913493,12.25862991,47.7820688,11.98473056,10.50888242,1.225120314,2.588972729,100,
424,5,208,5_208,1.420520368,0.839976896,12.57387326,7.784960693,24.25229329,33.21433117,13.522029,3.853320585,2.53869474,100,
425,5,111,5_111,0.466086978,0.517254211,9.247314496,12.42836587,46.11129028,14.31628172,14.02865985,0.684710611,2.200035972,100,
426,5,113,5_113,0.364033491,1.665536716,14.63481429,9.07278332,24.22091823,30.36005918,12.606413,3.951600244,3.123841522,100,
427,5,210,5_210,0.590638518,1.17711761,12.02397678,15.16896513,52.43002921,1.74002662,12.97209487,1.296816652,2.600334603,100,
428,5,114,5_114,3.760429327,1.890049497,11.72194724,7.317996865,24.43647872,30.43308497,13.34851127,3.967694774,3.123807343,100,
429,5,214,5_214,1.425732535,1.849110702,10.76248864,11.79689503,45.74815264,13.36831861,12.07822443,0.659980419,2.311096995,100,
430,5,115,5_115,1.937110147,1.977529195,17.80732131,8.561464262,25.42194208,27.07202237,11.01623863,3.277766247,2.928605761,100,
431,5,116,5_116,1.555395154,1.57280839,10.29346919,11.28630449,38.5857644,22.28051599,11.26538052,0.834711881,2.325649977,100,
432,5,314,5_314,1.344150135,1.616824659,12.70677521,5.850399223,24.35168606,31.53520029,14.03294876,4.695626172,3.866389483,100,
433,5,311,5_311,1.752880352,1.684085445,11.17083374,10.83763012,40.66508693,17.80259336,11.55632844,1.49264103,3.037920587,100,
434,3,211,3_211,0.735492434,0.718521863,36.08761663,5.762115018,33.30201859,16.36235806,4.657361137,1.245215663,1.1293006,100,
435,3,203,3_203,0,0.065025029,25.34687338,30.05825891,31.97005334,7.287196806,3.674353484,0.889261204,0.708977848,100,
436,3,212,3_212,7.909057927,2.460480625,20.93671717,8.269440077,29.82395522,19.09472557,7.22992934,2.066237064,2.209457008,100,
440,1,304,1_304,0.731306069,1.163470683,20.12714315,18.15493021,41.59544251,7.083161967,6.894551834,1.481087577,2.768905997,100,
441,1,310,1_310,0.999854063,1.723550829,36.3032716,7.989664682,26.337099,17.50923331,6.425147527,1.596136791,1.116042194,100,
442,1,204,1_204,0.262416496,0.990389162,16.94767655,22.165036,43.68901647,6.720093511,6.537267805,1.25030804,1.437795968,100,
443,1,308,1_308,0.078092103,0.303181105,45.18680856,5.029475941,24.79079738,15.92294147,6.356658883,1.518010948,0.81403361,100,
444,1,105,1_105,0.272795051,0.356978863,30.03991942,22.30340241,36.27482929,4.133770793,5.142495297,0.565957153,0.909851728,100,
445,1,107,1_107,0.132581739,0.232986337,50.51319561,1.545247615,23.39010017,15.95822335,6.186204349,1.345034292,0.69642655,100,
446,1,112,1_112,1.097432786,3.018005533,20.3270857,18.76474095,27.29932695,16.07515467,10.37305393,1.157181033,1.88801845,100,
447,1,209,1_209,0.128907302,0.408527122,35.88577274,2.58183369,30.9983582,19.89838128,7.653149571,1.599316342,0.845753755,100,
451,1,203,1_203,0.700003487,2.029788192,14.08122957,16.14240379,34.4185818,14.84796799,11.44749815,0.689858509,5.64266851,100,
452,1,104,1_104,0.062245428,0.424689075,40.21477694,6.929638493,28.04201869,15.45424055,6.064850067,1.62835249,1.179188271,100,
453,1,302,1_302,0,0.120157126,34.71727841,25.28738332,23.82959732,10.3983796,4.185262412,0.729977125,0.731964686,100,
454,1,413,1_413,0,0.007573418,55.21318428,4.47054386,21.40173565,11.65548969,5.476471916,1.194818,0.580183188,100,
455,1,402,1_402,0,0,17.96721097,36.90958005,33.42404008,7.799991633,3.008420084,0.50604176,0.384715429,100,
456,1,313,1_313,4.946887139,1.777819794,27.42204957,9.16411702,25.44552924,17.13138987,9.022826498,2.847811888,2.241568978,100,
457,1,207,1_207,1.703511013,0.511677872,11.51454777,20.89697428,42.95517783,10.51508177,9.101058332,1.187929586,1.614041553,100,
458,1,114,1_114,4.500756857,2.893989201,25.94155257,5.532821608,27.34583277,19.08253694,9.170535674,2.880857169,2.651117211,100,
459,1,103,1_103,0,0.029788808,17.30010683,23.37628987,46.43165303,6.146326145,5.289641126,0.71581184,0.710382353,100,
460,1,401,1_401,0.365780617,0.357402601,44.15357082,7.276930865,29.73215304,9.305836803,6.49652758,1.410715304,0.901082368,100,
461,1,202,1_202,0,0.223075367,21.01342731,30.9818039,36.18819237,6.07826892,4.234542258,0.649971994,0.630717886,100,
462,1,311,1_311,0,0.103815564,48.12936475,3.794253584,27.16350854,13.72770214,5.405643187,1.033463412,0.642248829,100,
463,1,407,1_407,0,0.087880957,20.23455229,31.19652132,32.92794371,8.180544344,5.649511857,0.698478456,1.024567068,100,
467,1,108,1_108,1.357495235,1.048604104,43.5446799,2.813656239,25.84706806,16.11419442,6.637235116,1.57556901,1.061497926,100,
468,1,101,1_101,0.147224799,0.403122171,19.14117936,32.91298372,31.38625976,9.43523785,5.134150566,0.575489725,0.864352043,100,
469,1,106,1_106,8.282427785,2.092016471,24.42048308,6.527402802,27.16173645,18.33350479,8.610799854,2.531328809,2.040299956,100,
470,1,211,1_211,0.242265445,0.24391127,23.37894463,29.98660298,33.52677264,7.700815342,4.089216884,0.508230771,0.323240037,100,
472,1,115,1_115,11.72960841,5.408529113,18.02628509,16.9115419,23.25675563,13.07818756,8.539839265,1.314254608,1.734998431,100,
473,1,113,1_113,6.565688365,3.723586272,31.89029081,2.572729289,19.42440726,18.74221515,10.39412198,3.738368926,2.948591952,100,
474,1,208,1_208,1.289972186,0.873915834,12.20783068,21.80016787,44.22804101,9.579500008,8.002501605,0.875232468,1.142838334,100,
475,1,405,1_405,0.171955443,0.631076475,35.25774401,5.072685566,27.79556561,21.04975359,7.296757264,1.687226806,1.037235232,100,
476,1,406,1_406,0,0.185606737,18.14556924,27.13391954,28.93902874,14.78939773,7.971790752,1.275069928,1.55961733,100,
477,1,213,1_213,1.468755316,1.092984057,47.48295112,4.401317519,19.73866114,16.18630832,6.609862836,1.860608966,1.158550729,100,
478,1,210,1_210,0,0.012420249,16.42349127,31.70203169,36.85218596,8.952057839,4.77623941,0.753059303,0.528514277,100,
479,1,214,1_214,1.337477291,1.376514571,39.83394141,4.018137321,21.60202994,19.68259688,8.056393856,2.435626023,1.657282705,100,
480,1,205,1_205,2.033119382,3.17504662,18.21216799,18.58268321,33.7364418,12.25843175,8.52708847,1.297676335,2.177344443,100,
484,7,313,7_313,0.187793427,1.314553991,23.60915493,11.34242958,44.15786385,8.397887324,8.2467723,0.614730047,2.128814554,100,
485,7,316,7_316,6.014940752,1.848274086,40.66202988,0.297849047,15.6555899,20.04765585,9.928838228,2.889940752,2.654881504,100,
486,7,411,7_411,0.037216226,0.144729769,16.66873423,12.58942232,54.43906877,6.351569284,7.222015465,0.758797502,1.788446429,100,
487,7,207,7_207,2.179204822,1.153355744,32.64460415,0.46510954,21.46458792,24.55372667,12.0913991,2.968876782,2.479135273,100,
488,7,301,7_301,0,0.195961995,46.61817102,13.29127078,31.88836105,3.503562945,3.15172209,0.241983373,1.108966746,100,
489,6,207,6_207,0.158308362,0.686945214,59.06315373,0.759032057,14.82444733,13.66540397,6.828461582,1.943517838,2.070729915,100,
490,1,306,1_306,1.110577912,0.880921368,17.93720436,27.11832454,41.58154521,2.930691712,6.051621307,0.584424488,1.804689107,100,
491,18,115,18_115,4.377612634,4.865304227,34.06583837,0.881038086,16.33186252,19.28704134,13.45361124,3.827508128,2.910183465,100,
492,7,403,7_403,1.508705145,0.207132061,36.72955271,20.82656889,31.47567598,2.558360858,5.140513911,0.331691205,1.22179925,100,
493,6,414,6_414,0.745405866,0.693683826,37.15467932,0.594803456,18.87550201,21.91493246,12.58518924,3.600766703,3.835037118,100,
494,6,409,6_409,0.576193246,1.099753456,48.42516413,15.62508657,22.6792986,3.191224134,6.367212388,0.322723621,1.71334386,100,
495,1,409,1_409,0.110838679,0.557552145,48.44657912,0.874953817,21.24743895,18.09357472,7.783898163,1.640748329,1.244416082,100,
496,18,109,18_109,0.563012805,1.980843833,34.21675993,20.52078684,30.62583679,3.141199492,6.682344056,0.65742044,1.611795805,100,
500,1,414,1_414,0.230032369,0.877409178,56.85578614,1.689094823,18.66219747,13.54726344,5.701516571,1.375264948,1.061435073,100,
501,6,214,6_214,5.914740816,2.633275021,15.1533008,17.28017678,39.44388178,5.342049535,10.63253844,0.631617715,2.968419114,100,
502,6,216,6_216,2.827362705,1.26478059,46.0348603,0.420425681,15.68538145,17.26723307,10.44057108,2.951738635,3.107646492,100,
504,1,305,1_305,0.408347698,0.565661975,61.10320821,0.471942831,14.49299617,14.55491774,5.964554081,1.34386558,1.094505715,100,
505,6,307,6_307,0.973205057,0.976385466,38.12514908,16.49996024,24.58455912,9.253399062,6.974636241,0.850759323,1.76194641,100,
506,18,112,18_112,0.488901285,4.137614227,52.35345266,1.22389382,15.70062179,15.44304628,7.809295687,1.829278296,1.013895953,100,
507,18,114,18_114,8.365510299,5.00908968,20.53666672,12.77062456,28.79249989,8.80572124,12.07950841,0.854880632,2.78549858,100,
508,18,110,18_110,2.849013729,3.299662014,42.53470565,0.798182131,16.4142909,17.90945025,11.00651149,2.969313907,2.218869942,100,
509,6,315,6_315,1.718776329,1.660564653,25.18880498,17.51865071,31.51396314,9.134637479,8.921705296,1.079979779,3.26291763,100,
510,6,412,6_412,2.204816631,0.866700827,54.94034112,0.240099553,13.03272088,14.36058854,8.690432618,2.768464973,2.895834858,100,
511,18,211,18_211,13.82087353,2.741556862,22.24602046,13.39593222,25.36968181,10.77603194,8.865509501,0.957831429,1.826562259,100,
512,18,214,18_214,6.687921924,3.861870762,40.39546754,0.544853084,14.04343856,16.78416932,11.75924679,3.321508225,2.601523792,100,
513,6,407,6_407,3.980808936,1.32495581,34.1621734,16.38370245,27.86566255,7.80268259,5.92665211,0.643168011,1.910194139,100,
514,6,314,6_314,1.579896561,1.275840997,49.90833619,0.223570268,13.80769976,16.42049096,10.46905042,3.027141431,3.28797341,100,
515,1,303,1_303,0.674160928,0.635453123,44.73815783,19.15391191,22.21827976,6.485170072,3.99335516,0.469332129,1.632179088,100,
516,6,411,6_411,3.126301983,0.459841062,47.55342952,0.379600339,16.01728262,17.65141579,9.394336857,2.634056014,2.783735823,100,
517,6,309,6_309,2.632367846,1.321894049,51.3582961,14.75496424,18.28096672,5.197641718,4.285449173,0.529614138,1.638806013,100,
521,8,102,8_102,0.688855771,1.101175691,34.24904786,18.87895347,34.42622951,6.203013744,3.532041729,0.243417784,0.677264448,100,
522,8,106,8_106,1.939164964,0.988858476,43.26111261,2.172404487,27.84610047,14.16785535,6.016037627,2.049038128,1.559427889,100,
523,8,205,8_205,8.355693284,2.295831601,33.0429689,13.5274555,31.69192396,4.342239522,4.461282642,0.70859,1.574014588,100,
524,8,211,8_211,1.262549948,1.270944562,55.60424432,0.465061616,21.51707464,11.44689567,5.286927907,1.737685101,1.408616232,100,
525,8,104,8_104,1.830161054,1.535505124,41.41471449,13.64019034,33.8909224,3.491947291,3.0215959,0.389824305,0.785139092,100,
526,8,413,8_413,0.047288777,0.187184741,59.38485183,1.905343632,25.2009773,8.425283733,3.324006936,0.861049811,0.664013241,100,
527,8,115,8_115,0.471730362,0.264921036,39.24420592,12.99480413,35.87885417,6.163259725,3.389280098,0.575989608,1.016954946,100,
528,8,101,8_101,1.960784314,1.995977878,60.56142115,0.263113793,17.06385118,8.71459695,5.863918217,2.11328976,1.463046757,100,
529,8,310,8_310,0.469151432,0.534311353,47.13296347,11.2503258,31.723573,4.177681796,3.367837063,0.456119447,0.888036638,100,
530,8,206,8_206,1.273906591,1.172194154,66.69668017,0.371833992,14.0129725,9.277508212,4.640421523,1.475664049,1.078818802,100,
531,8,411,8_411,0.471698113,0.821728062,38.43403714,10.15086852,39.98577418,3.870919437,3.876534891,0.739368074,1.649071578,100,
532,8,314,8_314,1.511159716,0.946131796,66.2789349,0.362877169,15.25741081,8.62288943,4.52519428,1.416712233,1.078689665,100,
533,8,107,8_107,3.770601258,1.175457708,47.23793794,10.24528236,30.09804266,3.229433883,2.834100573,0.448044418,0.961099202,100,
534,8,212,8_212,1.289536478,1.284459562,67.69220355,0.313076441,14.15782437,8.062141443,4.398300926,1.446920851,1.355536376,100,
535,8,207,8_207,4.058747643,2.800105852,36.53038272,11.93311501,35.87377196,3.254936985,2.793490126,1.06678575,1.688663954,100,
536,8,414,8_414,1.234613265,0.402351644,67.85412456,0.299467206,15.84420356,7.826566232,4.032702554,1.309939372,1.1960316,100,
537,8,313,8_313,6.655956656,1.252126252,30.94090594,15.25389025,34.88313488,5.062055062,3.413028413,0.915075915,1.623826624,100,
538,8,416,8_416,0.377183931,0.129879372,57.61484539,1.012347436,23.74479593,8.568480233,3.96221044,1.161797673,3.428459595,100,
539,8,315,8_315,0.344078233,0.251720391,46.59000362,17.73451648,27.16044911,4.277435712,2.02281782,0.722564288,0.896414343,100,
543,8,312,8_312,0.191805875,0.214108883,68.58844258,0.412605661,15.65671209,9.298124317,3.708990343,0.981332382,0.947877869,100,
544,8,216,8_216,0,0.090473175,45.88618475,20.91558853,25.14792364,4.297475798,2.415633765,0.416176604,0.830543744,100,
545,8,412,8_412,1.948424069,0.425706099,68.98239869,0.532132624,15.03069996,7.883749488,3.456406058,0.959476054,0.781006959,100,
546,8,203,8_203,6.547155105,1.209159276,27.60632807,23.8313918,33.32139622,3.065029176,3.014471993,0.560342104,0.844726254,100,
547,8,202,8_202,6.185968729,3.429072429,47.30074199,0.196457275,20.58417626,11.63968762,7.184491241,2.097709081,1.381695378,100,
548,8,201,8_201,3.625521765,3.366555925,19.88755431,20.99156657,36.27906977,5.797768123,7.075560099,0.933640003,2.042763438,100,
549,7,413,7_413,1.523146537,1.331012879,32.80055691,0.432996867,32.93839192,14.59241211,10.73024713,3.037939436,2.613296206,100,
550,7,106,7_106,2.491585714,0.714616133,20.87540476,26.25416726,36.30505176,4.956054298,6.005646744,0.835845656,1.561627666,100,
551,7,409,7_409,4.643042989,3.058432511,34.70531952,0.595907542,28.33162674,15.01519145,9.035972672,2.407130747,2.207375825,100,
552,6,213,6_213,2.424806779,2.238569699,15.02746997,15.48188844,41.50852035,7.753049632,11.12766552,0.95725859,3.480771022,100,
553,7,415,7_415,4.648028631,0.545065213,37.46724368,0.570521556,28.77764634,13.11301119,9.776732903,2.611521241,2.490229257,100,
554,6,111,6_111,2.480263048,1.455443727,21.8566922,15.85799409,40.06809874,5.713284262,8.744345968,0.6976783,3.126199656,100,
555,7,315,7_315,1.574441797,0.483628982,33.74635954,0.555996823,31.60180037,16.24040244,10.79339864,2.739387521,2.264583885,100,
556,7,401,7_401,0.798270414,0.287256399,47.19622636,18.96345796,23.53688221,3.989840195,4.056362729,0.399135207,0.772568526,100,
557,7,404,7_404,1.539330819,0.53143564,44.40694531,1.461448009,27.5277553,13.86161294,7.789808042,1.811157094,1.070506849,100,
558,7,408,7_408,0,0.331312441,30.60882931,24.43002306,28.93348134,7.198360516,6.586969516,0.481598497,1.429425327,100,
559,6,102,6_102,1.446133991,1.786984794,32.0813409,0.296176183,30.68319076,15.44252693,12.04394659,3.176861856,3.042837997,100,
560,7,406,7_406,0.117758255,0.340879158,50.75845613,12.8031113,25.24055222,5.223198376,4.092099351,0.390461581,1.03348363,100,
561,7,416,7_416,0.838729373,1.166508668,32.05970725,0.361521282,34.72853769,14.61028006,11.31641949,2.564390957,2.353905233,100,
562,7,205,7_205,1.531621288,1.484036937,40.63852251,14.98758346,29.8918943,4.150247587,5.295246026,0.389596871,1.631251022,100,
563,7,314,7_314,3.569048501,2.650870048,30.74564976,0.667900777,34.35172158,11.73639393,10.65235098,2.745649759,2.880414661,100,
564,6,203,6_203,0.30874603,0.716858598,21.550118,23.84619479,32.63835903,9.068971024,9.00154373,0.713309793,2.155899001,100,
565,6,215,6_215,4.447776909,2.316417529,35.09244931,1.39272211,28.33304086,12.08142559,10.27870395,2.999218289,3.058245457,100,
566,7,405,7_405,0.379220849,0.594381615,46.37655823,17.74941839,23.68920027,4.777913747,4.69991797,0.49486976,1.238519156,100,
571,8,108,8_108,1.928486894,0.834254894,30.64043614,22.29012669,30.35523737,7.075645577,5.048212172,0.669344043,1.158256213,100,
572,8,113,8_113,0.784901236,1.237603609,32.90885701,5.473139116,34.13831849,15.5140126,6.331319513,2.050188083,1.561660343,100,
573,8,109,8_109,0.569341699,1.16864875,26.16162562,27.83593969,34.00692949,4.159565502,4.457346193,0.552486188,1.088116865,100,
574,8,316,8_316,0,0.133254948,54.39545365,6.008230453,25.19302371,9.809915736,3.37840486,0.725063688,0.356652949,100,
578,8,105,8_105,3.787198974,2.367915026,40.55672557,0.858895706,26.05988463,15.90330556,7.096419742,2.206757623,1.162897171,100,
579,8,210,8_210,1.783168073,1.496353356,37.42358436,18.02343686,28.92075719,5.198721626,5.439645989,0.457264607,1.257067934,100,
580,8,110,8_110,1.529963232,1.116977713,47.83661805,1.19365013,27.92967048,11.75876069,5.511701256,1.786118807,1.336539634,100,
581,8,209,8_209,3.834952334,1.297009823,33.01315099,19.4262043,29.8077097,5.495559053,5.453953438,0.356361137,1.31509922,100,
585,8,111,8_111,3.864608578,2.433272068,45.52951318,1.631398318,23.54873863,13.31793562,5.993721638,2.046160602,1.634651356,100,
586,8,213,8_213,2.189038125,1.38483357,37.46391925,14.69758905,32.23492116,5.846333528,4.746809043,0.303662301,1.132893968,100,
587,8,208,8_208,4.706974065,3.215845639,42.5291586,1.012751388,26.28673824,11.58024415,6.37249412,2.319888645,1.975905157,100,
591,3,410,3_410,0.919189499,0.621619236,74.95492315,0.303874718,10.68731165,6.731896758,3.536799102,1.110844923,1.13354096,100,
592,6,304,6_304,1.974491503,0.925891496,21.85698881,17.71836537,25.73160302,8.593314245,17.07879374,1.505968096,4.614583721,100,
593,6,405,6_405,0.371776934,2.842294623,24.13751749,0.843493904,23.52988207,23.73375974,12.02078753,6.919848091,5.600639616,100,
594,3,407,3_407,0.436339562,0.123378773,46.39643706,17.96214378,20.81189251,7.399717132,5.112695977,0.695134062,1.062261142,100,
595,3,415,3_415,6.964753496,3.926596349,38.61176177,1.049217591,22.87488392,12.9274141,7.937739955,2.887080902,2.820551913,100,
596,3,406,3_406,0.350554918,0.090317643,47.82548794,9.581324148,34.66666667,3.329506315,3.200918485,0.417910448,0.537313433,100,
597,3,413,3_413,4.357584796,0.863838396,51.47295521,0.606901847,20.2182484,10.37344398,7.21637306,2.473383441,2.417270861,100,
598,3,206,3_206,0.004795626,0.039963553,57.91837844,11.48872229,20.79063894,6.351007881,2.261937113,0.513132024,0.631424141,100,
599,6,305,6_305,1.383828647,1.073406636,44.95564233,1.079941837,22.83398958,13.68961067,9.634518928,3.001290702,2.34777068,100,
600,3,307,3_307,0,0.009513713,50.84400228,11.15414934,26.95099079,8.261980483,2.156894724,0.322107152,0.300361521,100,
602,6,303,6_303,4.43004045,0.664424842,22.9380899,8.156667804,43.70908264,8.189158016,8.773981838,0.846370031,2.292184479,100,
606,3,106,3_106,0.004287184,0.284383217,71.69029382,0.840288099,14.6393049,6.736595404,3.917057277,1.031782325,0.856007774,100,
607,3,101,3_101,0.128553697,0.155151014,53.97482121,10.20450381,24.2124239,6.152845913,3.668952066,0.526035818,0.976712572,100,
608,3,205,3_205,0,0.102346527,78.89986788,0.51359348,10.96038259,4.585124398,3.351383539,0.829937289,0.757364298,100,
609,3,112,3_112,3.326777098,2.140508313,33.95310243,8.970773533,35.75709149,7.563231814,5.48111497,0.799041151,2.0083592,100,
610,12,415,12_415,0.429857801,0.099824797,67.05374241,0.325958522,13.92250336,7.7618873,6.773825531,2.473210284,1.159189993,100,
611,3,105,3_105,0,0.069773311,65.56909785,7.583022817,20.6588382,3.500541857,1.800745238,0.35332017,0.46466056,100,
612,6,404,6_404,0.920643154,1.413381743,62.28388658,0.242047026,14.18568465,8.200783771,7.833390964,2.679806362,2.240375749,100,
613,3,408,3_408,0.011894064,0.070042819,53.87482159,9.010413913,29.86731511,4.295078501,2.150182376,0.309245652,0.411005973,100,
614,3,116,3_116,5.399639165,2.501503479,61.17872791,0.380881469,13.51986025,7.110742003,5.880752599,2.024685701,2.003207423,100,
615,3,315,3_315,7.681944523,1.958420784,31.50207045,8.17119519,34.40353962,6.262408531,6.867944864,0.876396846,2.276079188,100,
616,3,312,3_312,9.936200792,2.739509938,52.9708697,0.161250745,13.07533214,8.360500578,7.040698286,2.590528271,3.125109545,100,
617,3,403,3_403,0.993751944,0.521613751,53.17915807,8.419326567,26.06089735,4.582850358,4.575782421,0.458002318,1.208617229,100,
618,3,304,3_304,0,0.183373228,87.55161746,0.22116771,5.750360447,2.788392895,2.106692423,0.66630272,0.732093114,100,
619,3,402,3_402,0.371869975,0.615954514,60.05915461,8.77842867,20.89363657,4.112106593,3.949862164,0.40776476,0.811222146,100,
623,3,113,3_113,5.799912783,2.906723207,76.89207681,0.061653208,5.070600442,3.214989248,3.186418249,1.248101532,1.619524518,100,
624,3,411,3_411,8.750895941,1.825763993,52.52101388,5.930800808,21.35401056,3.489932886,4.554636085,0.224148042,1.348797811,100,
625,3,308,3_308,0,0.007497601,86.309381,0.154450576,7.23068618,3.898752399,1.75893714,0.326895393,0.313399712,100,
626,3,103,3_103,0,0.038114404,68.36809367,6.630381754,17.00207342,5.503719966,1.745639712,0.265276253,0.446700817,100,
627,3,311,3_311,2.839424142,1.705426357,81.62126246,0.104835733,5.061646364,3.868586194,2.647471392,0.933185677,1.218161683,100,
628,3,215,3_215,5.476642993,1.66549965,44.00153379,4.396318896,25.67770331,9.416158181,6.44693408,0.600180054,2.319029042,100,
629,3,404,3_404,0.142931945,0.338225097,88.99990094,0.176895971,3.670945191,2.711461444,2.310968965,0.832118648,0.816551802,100,
630,3,306,3_306,0.125211552,0.023391169,72.06956809,4.616316028,16.23897519,4.199402837,1.691043934,0.341235879,0.694855319,100,
631,3,214,3_214,3.598464241,1.801563739,86.19837408,0.023316183,2.340944772,1.98653879,1.8730667,0.854926709,1.322804781,100,
632,3,305,3_305,0.031247028,0.145366609,70.30309617,4.324316981,18.71832842,3.265993723,2.047359626,0.372247205,0.792044235,100,
633,3,108,3_108,0.09967646,0.057191411,92.92623942,0.027778686,2.866106736,2.04255041,1.223896206,0.39870584,0.357854832,100,
634,3,405,3_405,0,0.116865197,75.82439244,3.552420377,13.09171806,3.959336544,2.048660978,0.453380643,0.953225761,100,
635,3,107,3_107,0.04665232,0.296467968,90.68609008,0.088789899,3.512468209,2.362714262,1.729145661,0.610994898,0.666676699,100,
636,3,314,3_314,4.219948849,1.536031292,51.03204453,4.644200391,27.58537686,4.91349481,3.554987212,0.773281179,1.740634873,100,
637,3,310,3_310,0.588530499,0.323919887,90.05581155,0.120139301,3.655884545,2.417993522,1.540520401,0.514013717,0.783186581,100,
638,3,309,3_309,1.411813724,0.18108394,55.3331624,5.78987853,30.33556617,3.858850678,1.998333387,0.416653312,0.674657864,100,
639,3,316,3_316,8.85558067,3.365196419,79.07517079,0.04167035,2.24514793,2.134026997,0.945790663,1.967345599,1.370070587,100,
640,3,301,3_301,0.04294759,0.289549882,74.06381181,4.224103296,15.52486111,2.612875965,2.145994098,0.357434782,0.738421468,100,
641,3,303,3_303,0,0.098684211,91.02130326,0.164473684,2.904135338,2.343358396,1.856203008,0.745614035,0.86622807,100,
642,3,216,3_216,1.36744874,0.514563565,64.70912209,2.830886403,19.94051834,4.862389652,3.935545799,0.421721821,1.417803585,100,
643,3,409,3_409,1.552808439,0.79871055,92.72237973,0.061882079,1.66649877,1.318232187,0.910961763,0.322362456,0.646164031,100,
644,3,412,3_412,3.895145887,1.885002964,61.51880393,2.722782059,18.34420075,4.684186261,4.440492656,0.545346769,1.964038728,100,
645,3,313,3_313,5.000824229,2.414242683,87.80290428,0.049453761,1.510587601,1.105965922,0.972590628,0.446582445,0.696848447,100,
646,3,401,3_401,0.854970253,0.52138739,79.13005792,2.648963135,9.629250227,3.493426842,2.291740541,0.509567524,0.920636171,100,
647,3,302,3_302,0,0.155445017,96.30188903,0.06958015,1.397524723,0.82904009,0.720968793,0.269438029,0.256114171,100,
651,15,108,15_108,8.749295101,2.327449205,33.39257335,0.975751465,24.00416959,15.35569644,9.750679267,2.763205113,2.681180471,100,
652,15,413,15_413,1.349810183,0.837382243,27.06650627,16.76795451,35.24035682,8.386320674,8.186348795,0.342139387,1.823181115,100,
653,15,113,15_113,2.391787491,0.850883691,34.90951423,1.174727484,25.98158535,18.39771404,10.72706106,2.961159911,2.605566727,100,
654,15,203,15_203,9.878943183,2.696827781,23.17398604,11.22382257,33.38163824,9.048334364,7.8112574,0.708668375,2.076522046,100,
655,15,315,15_315,4.882315213,1.197255641,30.74187091,0.503391576,27.30947892,16.88596917,12.32240384,3.29439661,2.862918116,100,
656,15,111,15_111,0.959414252,0.946790381,16.33739401,18.16364746,43.3861432,10.75974668,6.938921501,0.469187233,2.038755286,100,
657,15,208,15_208,1.860401724,1.335673033,35.80932586,0.649096206,26.71175699,16.83220608,11.34981345,2.853638176,2.598088488,100,
658,15,206,15_206,3.161844469,1.134565113,24.82350221,14.53417033,39.66532107,8.41143101,6.50507709,0.264968968,1.499119734,100,
659,15,216,15_216,7.470354959,2.328625291,30.65307,0.787278517,24.60489558,17.39826916,11.12739065,2.83459337,2.795522476,100,
660,15,106,15_106,2.465444865,1.470256988,28.03112522,14.06573154,36.90590765,9.001740555,6.118562506,0.354254121,1.586976554,100,
661,15,313,15_313,3.343827259,1.899578464,41.74981769,0.602956086,21.78290024,16.52348683,8.939402024,2.573679811,2.5843516,100,
665,15,213,15_213,6.343848788,1.672813488,27.54214963,11.72780558,37.56421233,7.339963119,5.780756059,0.321061644,1.707389357,100,
666,18,402,18_402,0,0.292053167,50.76083169,0.648822661,25.1779699,12.53505468,8.165872924,1.574763951,0.844631034,100,
667,15,211,15_211,1.800957435,1.61783366,24.61068174,11.70406045,43.3167032,6.405006344,8.243453686,0.384992502,1.916310993,100,
668,15,416,15_416,3.776324133,1.74214865,43.35346928,0.465574208,19.77271969,14.45783133,10.13750292,3.048760138,3.245669659,100,
669,15,204,15_204,4.550297004,0.991089876,25.27440599,11.73973399,39.51284866,8.467846074,6.771371384,0.582709194,2.109697831,100,
670,15,210,15_210,5.631431539,1.806337917,48.31167196,0.410674387,18.93350537,12.14085659,8.120653303,2.301979419,2.342889511,100,
671,15,212,15_212,1.897325568,1.728550762,18.60974072,14.69082681,44.08360844,8.086353351,8.032567974,0.676953893,2.19407248,100,
675,18,207,18_207,1.343799676,4.567280117,41.21204176,0.735812261,19.52442602,15.87650153,11.34199702,3.166123138,2.232018485,100,
676,18,212,18_212,6.539211861,2.273897776,24.82403433,13.15801795,34.30042918,8.371439719,8.341786968,0.624268435,1.566913773,100,
677,1,411,1_411,2.257802935,1.267231647,49.3059641,1.493011941,22.05968868,14.12557836,6.565118535,1.56138203,1.364221773,100,
678,18,215,18_215,5.110189301,4.184626194,17.83566863,14.23205286,43.38121039,5.318272102,8.097663798,0.205380427,1.634936292,100,
679,6,313,6_313,2.551448816,2.340792245,40.14259829,0.455194968,19.3921895,16.42826628,11.5154015,3.623882268,3.550226124,100,
680,6,311,6_311,0.0666657,0.720279416,11.39113926,22.64170084,49.6108752,5.237605252,8.047709453,0.336227011,1.947797858,100,
681,6,406,6_406,0.865283262,0.892028381,62.62762928,0.398030301,14.12142284,10.24810031,6.694145965,2.086119283,2.067240376,100,
682,6,413,6_413,3.415554469,2.159178254,20.50171197,17.28320872,40.00838516,4.718049053,8.850534554,0.469568863,2.593808958,100,
683,1,416,1_416,0.934509232,0.854880632,73.33042864,0.674589462,11.46651843,6.568608302,4.133175078,1.02765967,1.009630553,100,
684,7,103,7_103,4.374174147,2.629060919,29.64110509,21.88454003,27.76081773,6.123843806,5.930954876,0.2612354,1.394268009,100,
685,7,208,7_208,1.506705271,1.92299382,53.24172104,0.381717874,20.55514743,11.78571943,7.252639615,1.843769356,1.50958616,100,
686,7,105,7_105,1.072185936,1.172279243,31.4292985,18.81923827,35.97251675,5.445754517,4.677241496,0.288404445,1.123080838,100,
690,7,202,7_202,0,0.176099897,64.63302819,0.662193826,18.17758438,8.671100697,5.480927362,1.289458748,0.909606904,100,
691,7,209,7_209,0,0.749112647,14.50214833,25.41191855,41.95030824,8.264524566,7.095086867,0.388567159,1.638333645,100,
692,7,101,7_101,1.769175466,2.271029223,46.45107631,1.075602295,26.94221633,10.66016324,7.361461579,1.843889649,1.625385906,100,
693,7,115,7_115,1.759437516,3.892190508,12.64752658,16.92642504,50.63363187,4.74763539,7.29555537,0.237716582,1.859881142,100,
694,7,308,7_308,0.86690464,0.752553583,45.51635684,0.591843988,29.51493518,10.37194999,8.533061363,2.113949284,1.738445135,100,
695,7,114,7_114,1.57200083,0.700617629,12.6222889,26.24523213,45.68856828,3.763226352,7.248759157,0.306420466,1.852886257,100,
696,7,104,7_104,1.569634211,2.961801547,51.92198349,1.700580644,21.34082255,11.03740588,6.502524165,1.654060201,1.311187305,100,
697,18,315,18_315,9.387073954,3.91264126,18.77958969,12.63037603,38.47339876,4.190172142,9.222006566,0.87068512,2.534056486,100,
698,18,201,18_201,0,0.04586503,68.4938873,0.529820177,15.29361527,7.240348574,6.234481013,1.458191653,0.703790982,100,
699,18,204,18_204,0.493194508,1.319628549,37.46056666,19.48340467,27.77588531,4.487625705,6.99654912,0.592425836,1.390719649,100,
700,18,310,18_310,5.154360863,3.862396113,49.6712239,0.30660059,18.21477468,8.704371469,9.529686265,2.568503056,1.988083071,100,
704,7,107,7_107,5.153707052,0.508781071,42.22269899,10.92653324,27.36843718,5.657890704,6.571244675,0.297299782,1.293407301,100,
705,18,202,18_202,0.103905528,0.244095527,26.55693363,46.51669086,11.60938118,6.00672912,6.438844175,1.537142103,0.986277873,100,
707,7,110,7_110,1.79006784,0.853296587,46.38276447,25.62009752,9.999735001,5.549077804,6.044625821,1.714543142,2.045791817,100,
708,18,203,18_203,1.101276245,0.635182027,55.01676175,9.583602894,21.9740634,5.972475446,4.69328942,0.199964712,0.823384109,100,
709,18,103,18_103,0.695430031,1.102956085,67.58039009,0.26762905,12.62519768,7.34357893,7.148939621,1.816633551,1.419244962,100,
710,18,308,18_308,2.206542425,4.305361054,28.18772667,14.51757693,37.32809078,4.635714029,7.407806384,0.165176487,1.246005243,100,
711,7,116,7_116,0.923172445,2.434560962,69.37354988,0.101303879,10.42612987,6.388680108,6.297179831,1.633933532,2.421489494,100,
712,7,206,7_206,0.849511062,0.38076557,44.56110999,12.74410823,29.79057894,6.106672051,4.652839877,0.178844434,0.73556985,100,
713,18,108,18_108,0.656043504,2.238452053,70.87483006,0.230800847,9.951310506,6.038761896,6.930348731,1.653545797,1.425906605,100,
714,18,104,18_104,0.805255716,2.772700624,36.17615615,12.2012622,29.93930407,9.345794393,7.659413043,0.141393937,0.958719868,100,
715,18,205,18_205,0.47351746,2.12135822,71.57173359,0.227288381,9.096700875,5.761416075,7.190577863,1.92506371,1.632343825,100,
716,18,101,18_101,0,0.091076484,47.28057497,14.28316867,25.44003801,7.111885481,5.120082365,0.158393886,0.514780129,100,
717,18,416,18_416,3.191988452,5.312161674,58.682786,0.137134608,10.15337423,7.722843739,9.718513172,2.580295922,2.500902201,100,
718,18,411,18_411,2.647724223,4.478699337,24.08451244,13.04497872,38.5961885,6.606848422,8.639134936,0.329767246,1.572146171,100,
719,18,105,18_105,0.165730435,2.522591675,70.12665294,0.265168696,10.24214089,6.925787656,6.932765779,1.559610621,1.259551307,100,
720,7,211,7_211,1.802090976,2.179628271,35.17669357,16.36402543,32.39025434,5.771582294,4.912570311,0.113108339,1.290046466,100,
721,18,302,18_302,0,0.404095351,68.64181221,0.310842578,12.90190974,8.159617664,7.293143978,1.476502244,0.812076234,100,
722,18,413,18_413,3.028551098,3.101188888,28.81200154,13.06294287,35.11073557,6.267603546,8.725429156,0.340952889,1.550594444,100,
723,7,213,7_213,1.943356908,3.716216216,0.069461985,66.49406416,9.533657489,7.176686032,6.823061379,1.787067441,2.456428391,100,
724,18,313,18_313,9.658917876,5.73884208,25.84847562,11.70101174,29.91066897,6.202415998,9.024464521,0.284235103,1.630968091,100,
725,18,312,18_312,6.096835372,4.529396452,56.76620431,0.17106095,10.06842438,9.177791826,9.051355472,2.145699305,1.993231936,100,
726,18,401,18_401,2.288851733,0.655248769,32.79859009,17.21722626,26.96235709,10.90876226,7.515025532,0.528717972,1.125220299,100,
727,7,214,7_214,0.297702547,1.446429128,73.54343963,0.105988341,8.720658375,7.50958571,5.349293931,1.315502354,1.711399981,100,
728,18,410,18_410,7.711966326,4.90078172,25.04509922,13.20571925,31.60118928,5.956437496,9.624507249,0.307342821,1.646956638,100,
729,18,409,18_409,7.625530016,3.967864316,45.66837759,0.406159339,13.52153537,12.04195492,11.54652979,2.735996429,2.48605222,100,
730,18,316,18_316,7.865143268,5.024515316,16.97629436,13.55764473,35.65066799,8.663577887,10.24245423,0.310377401,1.709324817,100,
731,18,301,18_301,0,0.022370864,61.00087246,0.881412049,19.83624527,10.61273797,6.107245923,1.051430617,0.487684839,100,
732,18,414,18_414,2.840618428,3.541181152,23.85323708,10.07787188,41.75666458,7.724663218,8.790428011,0.150628091,1.264707554,100,
733,18,405,18_405,0.493998005,2.899623467,56.82103434,0.347568629,16.54008303,9.471245132,9.551700834,2.175522158,1.699224407,100,
734,18,314,18_314,6.234390726,3.142356581,23.04394826,11.26849815,37.07645283,8.987214374,8.618183174,0.219927685,1.409028218,100,
738,18,407,18_407,5.260169065,4.461895413,49.29664303,0.309898918,14.96925348,10.56901335,10.21530674,2.693362322,2.224457677,100,
739,18,404,18_404,0.609350273,1.112212149,38.46449647,10.86625353,33.79231805,7.256001065,6.519456318,0.275095026,1.104817121,100,
740,15,402,15_402,5.685510071,2.780485164,55.30918345,0.204407624,13.61002816,9.473142733,8.19525666,2.179445527,2.562540611,100,
741,18,206,18_206,5.367183241,3.155517483,26.69106767,9.729771825,38.95335254,6.441865898,7.94953664,0.274121953,1.437582743,100,
742,15,404,15_404,10.12675802,2.818387549,49.08853624,0.392908215,14.99437711,10.47385008,7.697113582,2.121426687,2.286642509,100,
743,18,307,18_307,4.120080993,4.458138921,21.76071837,10.85482877,39.34149133,7.754203715,9.72972973,0.320450744,1.660357426,100,
744,15,405,15_405,15.83501959,1.142348703,48.44505676,0.311419182,13.65652043,10.49353482,6.460871687,1.836942639,1.81828619,100,
745,18,304,18_304,2.161907195,0.99447731,40.0090407,12.25015232,28.09300132,7.888995892,7.016371534,0.538511429,1.047542305,100,
746,18,403,18_403,0.407059847,0.105649121,67.72419365,0.362003604,15.00838978,8.116338326,6.376235163,1.28643341,0.613697098,100,
747,18,309,18_309,3.263856882,4.185657466,29.66320138,9.42455745,40.9450163,3.905703214,6.281900275,0.440415834,1.889691197,100,
748,7,216,7_216,1.682318373,1.46338653,57.5992395,0.217491502,16.83470646,9.457279484,8.158091836,2.177795702,2.409690615,100,
749,18,311,18_311,9.047492233,3.774522858,24.5379494,9.578339991,39.76919663,4.005326232,6.909897914,0.671105193,1.706169552,100,
753,18,415,18_415,5.07978387,4.937022246,34.68746047,0.858376855,20.83235448,12.68590636,13.62560312,3.932269548,3.361223051,100,
754,18,412,18_412,1.542004786,3.692174821,23.55470788,12.97839034,44.82789643,4.278748403,6.740198283,0.647749969,1.738129082,100,
755,15,403,15_403,3.433200078,1.754779979,46.41333154,0.507568612,22.07848598,11.11560287,9.591399781,2.581263382,2.524367785,100,
756,18,303,18_303,0,0.098547339,58.09365647,8.882035185,24.56383678,3.106066136,3.94554347,0.521935908,0.788378714,100,
757,15,302,15_302,5.901184505,3.115996158,41.77477629,0.489351647,22.13820754,11.24136775,9.610195588,2.768419287,2.960501242,100,
758,15,305,15_305,7.62976955,1.734794107,34.2621836,7.167359275,39.01473366,2.475255006,4.980732905,0.634680771,2.100491122,100,
759,15,401,15_401,4.814043439,3.649707428,34.55915898,1.461866508,25.6074581,14.13071506,10.12793811,3.003074482,2.646037886,100,
760,15,201,15_201,14.00085028,2.646845043,23.96286188,9.206357914,39.22816353,2.729130381,5.524089033,0.600682968,2.101018967,100,
761,18,408,18_408,1.71169456,5.919105557,29.31341837,1.805154122,26.51828519,13.43048512,14.5485384,3.866456671,2.886862009,100,
762,15,316,15_316,2.778136234,0.892248133,17.85786708,10.86736105,54.99124343,3.115494516,6.581251728,0.718960273,2.197437552,100,
766,15,304,15_304,14.12129576,3.037373206,30.32393905,1.453955698,19.41073537,16.99221806,9.473474556,2.644719808,2.542288486,100,
767,15,214,15_214,3.390327786,1.807631497,27.03949406,12.45619468,35.45174488,8.876790924,8.347052208,0.536258578,2.094505387,100,
768,18,406,18_406,1.18892272,3.407278527,38.17924057,1.498235948,21.22984228,17.36020492,12.32258792,3.033525043,1.780162067,100,
769,15,205,15_205,7.403742512,3.00567208,24.38287421,11.3618292,30.08499284,12.68708144,8.836781934,0.521265881,1.7157599,100,
770,15,107,15_107,3.679190512,2.041967322,35.42340549,0.836028863,22.06519035,18.57841918,11.30131874,3.060462802,3.014016754,100,
771,15,209,15_209,7.141570163,1.600301387,16.25034807,11.27581858,41.74215001,10.32906914,9.351198179,0.398027878,1.911516601,100,
774,18,305,18_305,0.866816814,1.905861423,35.70793194,13.26721805,29.56261711,9.985426879,7.07269527,0.327422072,1.304010447,100,
775,15,202,15_202,9.303372684,4.191583065,35.49267634,0.579701988,19.14423605,16.23165567,10.00830156,2.517201109,2.531271545,100,
776,15,101,15_101,6.850736057,4.442825929,29.17963319,10.92056766,32.9206118,7.367189742,6.557196142,0.297954049,1.46328544,100,
777,15,103,15_103,12.34642658,1.91379173,35.54935862,0.634212413,18.65986774,16.68392957,8.937933232,3.07067166,2.203808461,100,
778,15,102,15_102,4.680447122,2.00507565,22.43166276,11.81347953,40.5858308,7.384877661,9.20397528,0.218911641,1.675739553,100,
779,15,114,15_114,5.598281159,1.73289693,29.90903797,0.815244674,22.67424349,20.92327463,11.19455433,4.11035923,3.042107588,100,
780,15,115,15_115,4.94506734,1.324249329,11.1918244,11.39711688,50.13197374,8.834344756,9.901414488,0.259435558,2.014573511,100,
783,15,105,15_105,2.4140528,1.479777728,23.12483462,14.9361884,41.82051334,7.72252641,6.682407539,0.217793971,1.601905188,100,
784,15,407,15_407,10.06714836,1.934026093,55.33229504,0.188934562,11.31820155,9.954808895,6.527178492,2.388490311,2.28891669,100,
785,15,207,15_207,5.255689472,1.927325634,22.1094606,15.66648106,39.06381909,6.811201121,7.107574587,0.353851957,1.704596483,100,
786,15,314,15_314,7.011211375,2.389937107,40.22787348,0.758362957,19.02470149,16.20271625,9.138638228,2.736304804,2.510254307,100,
787,15,112,15_112,1.611643457,1.167774751,26.00156211,16.09357438,38.96519536,6.557064751,7.244775494,0.302897529,2.055512164,100,
788,15,110,15_110,2.088438022,0.730495317,37.00336623,0.883922233,24.75898234,18.77304266,10.93911012,2.805193616,2.017449449,100,
789,15,116,15_116,4.318659342,1.349264613,11.22193251,11.73075463,47.8343417,11.13839455,9.44485229,0.584765714,2.377034656,100,
790,15,408,15_408,3.76250266,1.85429524,45.77002199,0.400085124,20.23409236,14.05121657,8.817478896,2.620415691,2.489891466,100,
791,15,411,15_411,4.429742954,2.184549652,22.75101647,13.28922886,43.88395011,5.559920061,6.107091172,0.172283096,1.622217628,100,
792,15,109,15_109,2.526279211,0.853097038,43.83111806,0.340543828,23.42802537,14.42446356,9.460516028,2.736512901,2.39944401,100,
793,15,409,15_409,1.641754115,0.860174364,24.24352686,13.10492381,47.61669117,5.318235405,5.372087269,0.231417468,1.611189544,100,
794,15,412,15_412,1.168042079,0.382697016,41.22064025,0.656570237,25.07300263,14.46268251,10.87693842,3.157703818,3.001723043,100,
795,18,306,18_306,1.677427141,4.716506768,22.23093787,11.38397796,42.64365735,6.717753776,8.208129689,0.460588507,1.961020938,100,
796,15,303,15_303,4.596374826,2.23888969,36.87837556,0.532076863,22.4626184,15.71229386,10.95405228,2.706860907,3.918457618,100,
800,6,204,6_204,0.366834171,0.688442211,47.4321608,0.386934673,26.03015075,11.8241206,8.718592965,2.427135678,2.125628141,100,
801,6,206,6_206,0.374755753,0.39808685,41.08752078,18.55259704,24.95260871,6.181282627,6.192948176,0.301846073,1.958353991,100,
802,6,107,6_107,0.347570242,0.564195415,52.02399043,0.725855993,22.55488377,11.20792783,8.068479421,2.268097902,2.238998998,100,
803,7,402,7_402,0.241002571,0.410434681,46.92539145,14.76834541,24.84517411,6.086410376,5.020156579,0.579866791,1.123218042,100,
804,6,115,6_115,5.178074898,3.906111341,43.82506064,0.347571437,14.53292315,16.39797669,9.748269538,2.915162989,3.148849317,100,
808,1,412,1_412,2.426151358,1.132203967,38.26508896,15.69081468,32.19885928,4.455605687,4.23427258,0.468204648,1.128798842,100,
809,18,111,18_111,4.343191133,2.81765214,60.77342989,0.27202382,11.56101237,9.177127943,7.467789071,2.178028563,1.40974507,100,
810,7,407,7_407,0.424535719,0.752983106,32.75563864,15.47546253,39.88539283,3.813833226,5.295340589,0.351159175,1.245654187,100,
811,6,211,6_211,3.730468375,3.10776268,46.50496819,0.595798658,16.05196902,14.89688839,9.119563337,3.077011781,2.915569564,100,
812,1,404,1_404,1.465782483,0.621094273,48.85623101,12.35690943,26.18151241,5.368165574,3.885183557,0.330613259,0.934507998,100,
813,1,415,1_415,1.005127446,0.77559558,67.25468782,1.177276345,14.22727357,8.664827944,4.540658608,1.249467819,1.105084871,100,
814,18,116,18_116,10.18801798,4.928110771,21.95745537,7.529337413,39.30710561,3.641142759,9.263009724,0.716737766,2.469082604,100,
815,6,201,6_201,8.368377399,2.748715859,49.82756865,0.328856424,13.10478297,11.53471181,8.214135006,2.891317317,2.981534566,100,
816,6,408,6_408,1.278515919,0.939347913,48.72369605,7.721233392,27.86781296,4.770471738,6.336543141,0.502853435,1.85952546,100,
817,18,208,18_208,1.536375154,5.130172552,32.87771453,0.835102871,19.88544102,17.45686194,14.86233293,4.348601916,3.067397084,100,
818,18,213,18_213,2.769481844,2.952264382,30.65687475,8.972664219,34.09873521,7.443492452,10.24398205,0.60873113,2.25377397,100,
822,1,307,1_307,6.821062678,2.189182337,45.70738327,0.839584234,17.58056579,15.83876404,7.405639978,1.881981001,1.735836676,100,
823,1,315,1_315,2.013669905,0.364957662,42.86651834,20.97706209,22.80505178,6.62206073,3.073327678,0.496214365,0.781137451,100,
824,1,314,1_314,4.173548989,0.984512732,52.73521187,1.800578933,17.20934796,13.67033542,6.466384287,1.622319983,1.337759825,100,
825,6,410,6_410,0.156926849,0.503473641,33.07560278,17.63628933,34.19207192,6.118512464,5.995913363,0.389047814,1.932161831,100,
826,1,408,1_408,0.088754771,0.13135706,47.32404367,0.9283749,24.24957841,17.060442,7.67906275,1.501730718,1.03665572,100,
827,6,113,6_113,2.242171132,3.199533806,22.20803907,19.07094196,39.25603208,3.933511856,7.267631429,0.380170105,2.44196856,100,
828,1,301,1_301,0,0.038883685,59.73240955,1.408649852,21.44788703,10.55338553,5.114971986,1.056929249,0.646883119,100,
829,18,113,18_113,5.207154919,2.206810618,31.07569721,14.36066434,32.36928828,5.697375109,6.522059909,0.590231666,1.970717951,100,
830,6,202,6_202,1.620381359,2.164728222,60.36870006,0.229448532,14.92048422,9.125721972,7.427802833,2.123585727,2.019147084,100,
831,6,308,6_308,0.697146328,0.665326372,50.51562794,12.94059793,20.80302,7.661377804,4.790349875,0.552510161,1.374043593,100,
832,6,416,6_416,1.981784587,1.295027552,54.93729254,0.488905604,17.48777736,10.93742335,7.995814052,2.384027994,2.491946956,100,
833,6,306,6_306,1.246710071,1.092795247,34.98176109,13.80462052,30.3135245,10.46159056,5.744101214,0.591032922,1.763863878,100,
834,6,112,6_112,5.556365521,3.058430934,43.15497886,0.429281884,18.82198571,11.80120199,9.690431064,3.68696441,3.800359625,100,
835,6,310,6_310,0.766343693,0.976774133,35.13246125,13.20215456,34.68176322,5.843370656,6.821715165,0.386312599,2.189104728,100,
836,18,216,18_216,5.977142283,5.337929419,34.67813457,0.517059621,17.83939358,15.72095514,12.79764395,4.052810361,3.078931075,100,
837,6,316,6_316,4.266675345,2.323727076,34.61181716,12.38182025,32.14651848,5.521292695,5.832099328,0.608595187,2.307454477,100,
838,6,212,6_212,2.873395315,2.890580694,39.70853598,0.503531595,19.16685284,16.07692175,11.49358126,3.718915946,3.567684614,100,
839,1,403,1_403,3.631358357,1.883728483,51.6277703,11.17709832,22.60010207,5.049567732,2.734344793,0.467065683,0.828964259,100,
840,1,410,1_410,0.973292975,0.893021389,58.19689951,0.683980802,18.47417095,11.47381976,6.371557102,1.575329866,1.357927655,100,
841,1,312,1_312,0.35625474,0.423272958,58.27057724,11.89926104,18.52348283,5.63834853,3.763602053,0.497345726,0.627854888,100,
843,18,210,18_210,6.390459227,3.463176644,30.49949663,9.164407961,35.36745915,5.279950438,7.28877875,0.607140091,1.939131108,100,
844,6,312,6_312,3.078858221,1.052014694,54.17018053,0.741841883,17.77418848,12.0795872,6.78663827,2.206943869,2.109746859,100,
845,6,415,6_415,1.111024664,1.313312067,33.11600405,11.74667393,38.48284447,4.635493659,6.507430172,0.678440831,2.408776161,100,
846,1,110,1_110,0.284613422,0.749124008,78.91578396,0.865922913,8.904909582,5.532509028,3.189818358,0.853840267,0.703478459,100,
847,18,209,18_209,9.073488401,2.91959431,23.18538022,11.10349448,39.57966566,3.940050166,7.337934473,0.626295044,2.234097247,100,
848,7,410,7_410,3.881789996,0.928332049,84.47104787,0.048387964,5.224107959,1.836950483,1.892507034,0.759870249,0.957006398,100,
853,2,208,2_208,5.647652164,2.143740757,6.718878241,20.95755142,29.07446543,25.27942873,6.070611512,2.184480455,1.923191296,100,
855,14,405,14_405,8.954961195,3.814360413,5.207026349,4.791440754,10.9079864,37.23805901,17.85343227,6.86908486,4.363648751,100,
858,14,411,14_411,5.906665611,4.211280486,7.039682597,5.860941697,10.72387796,36.97156477,17.44097295,7.322306789,4.522707144,100,
859,14,206,14_206,6.150557119,4.312900354,7.308306709,5.278916917,11.60650422,40.59375646,14.44117273,6.135059527,4.172825966,100,
860,14,416,14_416,5.087069235,2.658224412,6.910569106,5.475928716,11.60877886,36.55822034,19.00389538,8.047287485,4.650026467,100,
862,14,213,14_213,0.88574074,0.31628973,6.754096875,8.455651453,16.81029738,44.66257033,15.0805778,4.942795911,2.091979773,100,
863,2,213,2_213,0.127935802,0.144038576,12.52662867,28.35550789,29.4763496,21.19804639,5.51379668,1.674983971,0.982712416,100,
864,2,211,2_211,1.182646854,1.276127076,10.5244944,22.31448987,31.92916755,21.89964446,6.722103836,2.340308212,1.811017743,100,
865,2,210,2_210,4.744684831,2.402703194,5.707961843,18.69342933,34.38439456,22.30568424,7.243620848,2.244257882,2.273263269,100,
869,14,112,14_112,6.02991297,4.12617756,8.481681708,4.785240213,10.09531821,36.46880354,17.87835021,6.745572744,5.38894284,100,
871,14,114,14_114,2.881725703,2.229274335,10.20235266,5.498918606,11.15721705,40.93814051,18.8921687,4.049253713,4.150948734,100,
872,14,104,14_104,8.10866609,4.473571204,8.13550504,5.040905312,10.50490258,36.24978666,16.25958632,6.675603808,4.551472977,100,
873,14,202,14_202,7.848179716,4.776409778,6.553567093,5.326200851,11.32550443,36.84574543,16.71336111,6.226599537,4.384432064,100,
874,14,116,14_116,2.330833475,1.48809985,9.008204596,6.090498474,11.93191503,40.97939941,18.12429304,6.488913337,3.557842788,100,
875,14,406,14_406,6.449309527,4.117383788,5.683161484,5.101674764,10.83437536,38.72848465,18.19195895,6.727411872,4.166239605,100,
877,14,307,14_307,5.980208391,7.29160924,7.127597993,4.903109322,9.616480144,34.27122958,18.69245824,7.204090633,4.913216458,100,
879,2,212,2_212,0.439424887,0.486258936,27.73967651,21.2225917,21.18713932,19.76373799,6.159561836,1.713557111,1.288051704,100,
882,14,110,14_110,12.68562715,5.144373328,7.812160989,4.626365083,9.0529399,33.15599311,17.70916203,5.285853764,4.52752465,100,
883,14,403,14_403,1.029334519,0.835555645,7.109546514,6.448913761,12.83620887,46.04478969,18.27262381,4.845650329,2.577376864,100,
886,14,407,14_407,9.241039802,5.487262712,6.124488557,5.021361343,11.07898275,36.61337777,17.30503708,5.476238669,3.652211315,100,
891,14,106,14_106,11.80332415,3.317443679,7.771815223,5.390305472,11.28399042,35.40042972,17.0773275,4.340305994,3.615057845,100,
895,14,211,14_211,5.298560868,4.078752742,7.781145525,5.188821414,10.83452991,38.76105702,17.89093135,6.078792928,4.087408248,100,
896,14,109,14_109,9.18392382,4.892468268,8.633404404,5.9659653,11.19684947,33.9015808,15.64057635,6.095443415,4.489788166,100,
897,14,214,14_214,4.599051786,3.570757346,8.521671485,5.473396232,10.94940733,38.04934571,17.82878211,6.49613409,4.511453912,100,
899,14,415,14_415,1.270363573,0.774953451,6.028101022,7.076263488,14.43857131,45.460213,17.25134062,5.055616954,2.644576576,100,
900,14,412,14_412,8.795431229,2.854051833,5.758165626,4.414684668,9.609035599,39.21203776,19.10572436,6.050215396,4.200653536,100,
902,14,413,14_413,4.617797106,1.812530031,5.21486174,5.927453698,14.12312854,44.56284357,16.26610834,4.945297986,2.529978993,100,
903,14,102,14_102,0.828626578,0.626265816,12.77368359,10.22176499,16.52805294,39.78952444,13.45087913,3.95706964,1.824132879,100,
904,2,215,2_215,2.18114775,1.37347355,15.09810664,25.46265446,22.2355194,22.08793365,7.415682168,2.216635679,1.928846701,100,
905,14,309,14_309,6.418845169,4.912864623,6.691577339,5.860339583,11.33964794,36.48685811,17.73949825,6.670597941,3.879771041,100,
907,2,216,2_216,0.394885796,0.665066296,14.97175893,24.04769527,26.86682453,22.54642547,6.757258955,2.055448797,1.694635956,100,
908,14,203,14_203,14.83977879,4.504574834,5.702885064,4.590092384,9.360445827,33.34102163,17.53854943,5.923953253,4.198698785,100,
909,14,401,14_401,11.12489235,3.018143118,5.526362954,4.550609291,10.13470539,38.01489959,18.62560211,5.333813386,3.670971804,100,
910,14,210,14_210,1.24517948,1.936718217,6.849669124,5.968382748,12.78401077,43.30138828,19.736276,4.927922689,3.250452699,100,
914,5,201,5_201,0.559888776,0.524070976,22.58233774,6.055878911,29.0702296,24.60934248,10.88939683,3.504174816,2.204679878,100,
915,5,101,5_101,0.340346192,0.308744875,14.86510187,15.95819146,48.26500865,9.676639516,7.530752032,1.342423979,1.712791423,100,
916,5,203,5_203,1.521627591,0.640360786,11.61347576,6.237351884,28.27893129,31.32482895,13.78559364,4.057086358,2.540743726,100,
917,5,103,5_103,0.169160034,0.091495364,11.22609107,15.22812667,47.2516814,14.22079108,9.056090559,0.941196497,1.81536732,100,
918,5,106,5_106,2.355214751,0.447852489,11.65604362,6.857674748,30.67984575,28.45654005,12.68472142,4.15194362,2.710163557,100,
919,5,209,5_209,0.34863878,0.633258509,8.515553163,10.83247193,48.20226758,15.93421941,11.49631279,1.381914414,2.65536343,100,
920,5,105,5_105,0.817942977,0.717733869,17.18918999,6.368085433,34.68566326,24.20955906,10.61051752,3.370132139,2.031175756,100,
921,5,107,5_107,1.667738831,0.654584266,8.607138193,12.31279454,47.50605007,14.19319265,11.7049663,0.937055112,2.416480046,100,
922,5,102,5_102,0.224235527,0.477078964,14.70383451,7.784506713,33.20747255,27.09084904,11.08703746,3.395506455,2.029478768,100,
923,5,211,5_211,0.773933937,0.902989726,10.37035404,13.15306938,47.28732348,14.44503005,9.27257825,1.448470869,2.346250268,100,
924,5,202,5_202,0,0.160803221,13.48275343,5.769312722,33.03511817,30.23498294,12.13837032,3.544489365,1.634169832,100,
925,5,206,5_206,1.002586899,0.590329152,8.743642645,11.22167832,54.27212378,9.320317162,11.41172091,1.176169108,2.261432016,100,
926,5,205,5_205,0.145023512,0.202797107,17.28943588,4.712085096,29.39929218,28.5091072,12.91279135,4.16323595,2.666231727,100,
927,5,108,5_108,3.924177549,0.942450344,9.26513433,10.63751692,39.61287206,20.71528527,11.48496654,1.024496422,2.393100573,100,
928,5,109,5_109,10.04414791,1.221635393,18.85083294,3.015979606,26.61259714,23.36258599,10.57290858,3.521690559,2.797621883,100,
929,5,204,5_204,1.205251994,0.873877145,10.20495634,12.21622308,35.55671967,24.02209695,12.19201486,1.09254486,2.636315112,100,
930,5,110,5_110,0.11364556,0.336459734,11.17359704,6.702849576,33.00404819,28.45719264,13.08731939,4.210051433,2.914836428,100,
931,5,207,5_207,1.008893889,0.56896019,9.799989507,13.9125146,33.22198969,27.95910793,10.75602917,0.917564897,1.854950129,100,
935,8,409,8_409,0.846262774,1.675974229,40.94796143,2.778782436,23.92370455,17.82914135,7.777587063,2.422009575,1.798576587,100,
936,8,214,8_214,0,0.250756681,25.86662052,25.37867991,27.97141577,13.83199642,4.999864272,0.692549914,1.008116509,100,
937,8,114,8_114,0.848377925,0.921126157,35.8789357,5.612508479,31.29193127,16.39295291,5.669793318,1.745957553,1.638416689,100,
938,8,410,8_410,1.270201506,0.485579705,34.81949173,17.97226829,25.49616741,12.15501049,6.033214686,0.718024318,1.050041866,100,
939,8,408,8_408,0.990382754,1.283664081,38.9074154,4.039317563,27.29228387,16.89047357,7.072992809,2.090932099,1.432537851,100,
940,8,415,8_415,0.198591057,0.381761217,22.60552971,24.66591192,39.11566801,7.200054161,3.896597248,0.96248961,0.973397073,100,
941,8,405,8_405,2.295810346,2.489736052,47.14972169,2.201915937,20.32936686,14.68711069,6.722655555,2.306856747,1.816826124,100,
942,8,302,8_302,5.176068639,3.405908232,16.39537431,17.23175216,35.52489001,12.47698111,7.271306171,1.164711664,1.353007704,100,
946,15,406,15_406,4.168811117,1.759521359,24.45477355,9.384650026,40.66038343,9.518142048,7.748970664,0.329709213,1.9750386,100,
947,15,312,15_312,0.421927643,1.243741931,48.86961176,0.470732706,20.56267515,15.42869738,8.488932271,2.249755975,2.263925187,100,
948,15,311,15_311,7.12168127,2.170762237,22.21654918,10.73357929,34.65478622,13.30785954,7.708017656,0.288227156,1.798537453,100,
949,15,414,15_414,2.825772119,1.549291031,49.31629113,0.294702098,17.87241925,13.48556802,9.683068943,2.312148462,2.660738944,100,
950,15,307,15_307,3.563758598,1.783435526,21.55218027,13.71813626,43.47629867,7.211553425,6.931432662,0.116716985,1.646487597,100,
951,15,308,15_308,4.150639592,2.096192265,53.15770641,0.380177118,15.67969705,12.34159287,7.707904702,2.091719593,2.394370397,100,
952,15,309,15_309,1.79074662,2.379338637,35.47426248,9.993578996,26.24942033,16.54835373,6.117789748,0.108800342,1.337709129,100,
953,15,410,15_410,2.417060954,0.851937673,60.5375255,0.140139585,12.6389255,11.76617502,7.584187815,1.896740714,2.167307239,100,
954,15,415,15_415,0.663235345,1.057031331,49.84109987,0.302255691,16.53770424,15.21296072,10.37686967,2.975923175,3.032919963,100,
955,15,215,15_215,3.908607071,1.400047459,26.64327604,10.57832469,35.32153632,12.42753992,8.281636666,0.123733008,1.315298824,100,
956,15,310,15_310,1.967612157,0.96014064,51.36583387,0.535853139,18.38973596,14.78075662,8.07667602,2.053821968,1.869569627,100,
957,15,306,15_306,5.54351291,0.809690787,26.12527893,12.77813197,35.88300924,9.754542557,7.519923494,0.211985974,1.373924131,100,
958,18,102,18_102,0,0.154477824,0.928899549,51.26834424,21.26305947,15.00467499,8.67108419,1.774462377,0.934997358,100,
959,18,107,18_107,1.907329738,6.15471673,24.37420944,10.01431329,38.73410559,8.205179415,9.137207909,0.181412689,1.291525198,100,
960,18,106,18_106,4.373584248,3.19567869,49.82923854,0.343265377,14.65237846,12.6363478,10.21432305,2.664227217,2.090956613,100,
961,7,102,7_102,1.169712483,1.339365438,39.25977737,11.26406334,30.69081493,9.402345378,5.473540092,0.23364486,1.166736115,100,
962,7,303,7_303,2.798653164,1.643856662,73.92489982,0.195880116,8.740350024,6.408992562,4.104520606,1.094624179,1.088222868,100,
963,7,412,7_412,0.728734766,1.344389999,26.81031955,11.94664321,41.46040122,10.96871466,5.063450182,0.228253131,1.44909327,100,
964,6,114,6_114,4.549290903,4.098235905,63.031477,0.128675199,8.950536147,7.452092701,6.893116569,2.154271878,2.742303701,100,
965,7,305,7_305,9.330561117,0.893269675,38.65573181,8.88777658,33.18060475,4.409877304,3.644950973,0.214333385,0.782894399,100,
966,6,210,6_210,0.853844613,1.824823143,64.0753356,0.346778047,9.510965892,12.08945332,6.679715796,2.174683661,2.44439992,100,
967,6,108,6_108,0.561028642,0.813357314,45.64867259,7.906745765,32.82554425,5.658604676,4.745926503,0.199983894,1.640136365,100,
968,7,306,7_306,1.108283034,0.776670788,67.43364119,0.341793324,13.6179187,8.831357719,5.070176714,1.464620755,1.355537779,100,
969,6,104,6_104,2.3100231,1.55701557,36.3798638,7.231572316,40.15390154,5.031050311,5.559055591,0.193501935,1.58401584,100,
970,7,113,7_113,0.321361726,1.296041247,40.11547833,0.513825617,23.45764029,16.75671858,11.59727372,2.978776,2.962884486,100,
971,6,208,6_208,0.344208761,0.255950104,49.26451119,6.8856462,31.29210673,5.107234268,5.339648731,0.175046336,1.335647671,100,
972,7,304,7_304,0,0.139758418,61.26837894,0.828567761,20.34911082,9.369518404,5.861296901,1.216468676,0.966900073,100,
973,7,309,7_309,0.43544458,1.869671133,30.99725944,8.028319123,46.97168088,4.960414129,5.170523752,0.175091352,1.391595615,100,
977,7,108,7_108,1.17623326,0.564840246,32.04692519,8.733299195,46.82122185,4.33406266,4.954766228,0.183107552,1.185543814,100,
978,7,109,7_109,7.449430621,2.445506245,57.13341503,0.148713218,13.41035209,8.662544924,6.646654641,1.867177065,2.236206161,100,
979,7,212,7_212,4.535121779,5.478291564,20.83445111,8.152488528,49.72679139,3.565125309,6.281680198,0.10448288,1.321567243,100,
980,7,111,7_111,2.463543391,2.055856578,48.02341586,0.355419273,20.88088228,12.84561911,9.371569943,2.094186107,1.909507466,100,
981,7,201,7_201,1.446570999,0.700166785,33.37351586,13.28665555,40.71370775,5.196756775,3.978070248,0.343478045,0.961077993,100,
982,7,204,7_204,1.285998534,1.386532621,45.01832653,1.461933187,21.45355535,16.73683108,8.459524558,2.178238559,2.019059587,100,
983,7,112,7_112,0.856916938,1.596145713,30.25321344,13.50471672,39.04120925,8.251043563,5.021974587,0.253765102,1.221014693,100,
984,6,110,6_110,0.125751689,0.43851871,54.04743096,0.415947894,15.7205733,14.46305641,9.29111516,2.673029487,2.824576394,100,
985,6,103,6_103,0.757934628,1.534206384,26.32600358,10.91364741,44.80830061,6.514264758,7.324154582,0.216989349,1.604498709,100,
986,6,116,6_116,3.376619376,2.56635396,47.47908868,0.554554277,14.33984935,15.20248933,9.974274843,3.194848807,3.311921377,100,
987,6,209,6_209,0.627776851,0.467041715,43.46217417,9.662304578,31.77854944,5.63027886,5.924454486,0.673267927,1.774151971,100,
988,7,311,7_311,1.055479924,1.808433755,40.68639809,0.379838317,16.56330358,21.70960856,11.43380561,3.169801173,3.19333098,100,
992,12,311,12_311,0.031598204,0.01496757,46.85514718,10.13969732,30.76667221,5.990354232,4.826209879,0.621985698,0.753367703,100,
993,6,109,6_109,0.621190421,1.147453619,61.32631649,0.741098491,7.264430603,16.46071345,7.617493255,2.408153749,2.413149918,100,
994,6,403,6_403,0.617121849,0.672560691,39.25653595,10.06506769,34.88270308,4.102474323,7.688492063,0.566059757,2.148984594,100,
995,6,106,6_106,5.255863539,0.749822317,25.06751955,2.412935323,26.68798863,21.44989339,11.43567875,3.454157783,3.486140725,100,
996,7,310,7_310,2.261414349,4.138059275,22.92596407,11.22697105,42.27314338,6.213525575,7.795514361,0.660830759,2.504577183,100,
998,7,215,7_215,1.110495025,1.874441672,19.12947047,12.20004313,45.93229215,7.470042818,9.151957613,0.613005576,2.518251548,100,
1002,7,312,7_312,2.823578521,4.324815886,38.5223173,0.669369987,24.12713557,13.96583082,9.530695608,2.947315066,3.088941233,100,
1003,7,210,7_210,1.819302114,2.021987288,25.10053185,12.37028149,44.53885069,5.182254508,6.824815151,0.368076274,1.773900636,100,
1004,7,414,7_414,2.119140023,1.35064375,28.24185302,1.473849566,29.78192571,20.69241668,10.47403437,2.939998768,2.926138114,100,
1005,3,202,3_202,0,0.016197432,54.18777241,15.2152786,22.88844387,4.38803157,2.174873366,0.611084933,0.518317823,100,
1006,12,306,12_306,0.720775085,0.866606323,39.65268698,1.104629723,25.23383285,20.47671729,8.369372088,2.361795568,1.213584096,100,
1007,7,302,7_302,0.43205693,0.475827403,46.33175195,11.0033322,28.86027335,6.294476449,4.578956286,0.907884333,1.115441093,100,
1008,3,111,3_111,0.401816341,0.20417497,54.17986998,0.834667276,26.03312535,11.4729999,4.66335631,1.194015223,1.01597465,100,
1009,3,109,3_109,0,0,57.2346131,10.17871766,25.13287409,4.351526246,2.066573534,0.586091173,0.449604188,100,
1010,6,301,6_301,4.579181025,2.208872745,35.46924964,1.150228183,28.00906523,13.10421906,9.585234858,3.084350067,2.809599205,100,
1011,7,307,7_307,4.798840549,1.504334523,37.29031912,7.749805416,36.80453045,3.523980783,4.606940605,1.638530288,2.082718269,100,
1013,6,205,6_205,0.577946303,1.564124518,37.93345973,10.34340407,35.60944285,4.161824965,5.774876154,1.765947037,2.268974375,100,
1014,5,401,5_401,1.333050458,0.599342315,40.58908808,1.136805629,28.13196139,14.75902549,8.915879919,2.664332944,1.870513772,100,
1015,12,305,12_305,0,0.014746155,28.10617232,12.99136297,49.02464715,4.453338951,3.819254266,1.223930904,0.366547293,100,
1016,12,411,12_411,3.52949946,0.341023443,44.47094778,0.464015504,31.72077075,10.66676605,6.67325109,1.515038575,0.618687339,100,
1017,12,408,12_408,9.448340977,2.392433234,20.34664149,10.07384678,44.44294578,3.22025897,6.347787969,1.583153493,2.144591314,100,
1018,12,409,12_409,0,0.008339356,45.9442931,1.253683216,32.4067382,10.62989937,7.513759938,1.815199867,0.428086952,100,
1019,12,310,12_310,0,0.032942645,52.90242042,9.728483251,28.87509536,3.578611554,3.628892434,0.781954366,0.471599972,100,
1020,12,312,12_312,0,0.012101096,66.59751755,0.513432217,19.66600975,6.022888359,5.250146942,1.43657297,0.501331121,100,
1021,5,302,5_302,0.927565237,0.740897544,31.49488107,10.97105689,40.94757909,5.095835578,6.40250943,1.422138404,1.997536756,100,
1022,3,110,3_110,1.330849082,0.843758318,56.99760447,1.035400586,25.95688049,7.080117115,4.532871972,1.120574927,1.10194304,100,
1023,5,306,5_306,2.277502626,0.849842413,24.24958727,10.44762119,37.50938016,12.57316524,9.100630347,0.96990845,2.022362299,100,
1024,3,201,3_201,0,0.10083978,77.60365007,0.596773127,13.59187992,3.494676982,2.94749719,0.90094558,0.763737354,100,
1028,5,305,5_305,6.121737108,1.27124392,60.11859776,0.164719105,14.59605062,6.067476697,7.174001512,2.360327888,2.125845397,100,
1029,5,404,5_404,5.908918475,2.22555413,19.36340481,10.05654208,39.12061709,11.35357769,8.443376628,1.206712792,2.321296313,100,
1030,5,301,5_301,0.485550113,0.54279838,57.59811717,0.481309501,16.38996671,12.12179039,8.252231622,2.425630261,1.702605856,100,
1031,6,302,6_302,5.221861855,2.512498761,28.53966321,8.159247667,36.5516167,7.374622913,7.999206878,0.968742476,2.67253955,100,
1032,3,104,3_104,0,0.024012847,85.8099083,0.451741682,7.080788222,3.342288124,2.212183518,0.555297084,0.523780222,100,
1033,3,102,3_102,0.732079765,0.218575963,59.23109168,8.621773759,22.0851548,4.693394814,3.131924067,0.44912869,0.83687646,100,
1034,3,114,3_114,14.15727643,2.661232318,60.5929833,0.262393777,7.474892778,6.075015317,4.699112923,1.96329151,2.113801646,100,
1035,3,207,3_207,0.055109432,0.217288616,63.33490789,7.896394269,22.7019367,2.923948984,1.977641316,0.296016375,0.596756416,100,
1039,13,407,13_407,7.989742978,4.424831534,37.72675771,2.093148071,29.35416542,4.983004353,8.993976981,1.415707556,3.018665394,100,
1040,13,303,13_303,9.204295256,4.428098747,77.69099251,0.023370521,1.773699554,2.068906137,2.31122154,1.08611422,1.413301517,100,
1041,13,205,13_205,5.430647975,1.290777408,38.53084679,2.717225919,36.72249046,6.131826666,6.505873164,0.830510022,1.839801591,100,
1042,13,314,13_314,7.570923415,4.072841198,72.73753441,0.054135615,2.561651251,4.326241952,4.39650307,2.072127069,2.208042018,100,
1043,13,214,13_214,0.085300794,0.500238553,31.51213729,3.315164746,45.52459988,7.387916203,8.806222621,1.062645481,1.80577443,100,
1044,13,207,13_207,1.445717009,1.733127284,76.32114849,0.062103728,3.876428025,6.377908404,5.801643582,2.413379743,1.96854374,100,
1045,13,305,13_305,10.62374082,3.802209392,20.85806617,3.98204362,42.80595481,5.75739957,9.109347323,0.720689049,2.340549238,100,
1049,13,110,13_110,5.131535352,3.584918163,65.08780068,0.084818766,4.874428467,8.597177125,7.039957591,2.943476244,2.655887615,100,
1050,13,411,13_411,4.120621222,4.118974291,14.90801891,5.187832474,43.60743754,10.26202671,13.49824602,1.533292709,2.763550124,100,
1052,13,204,13_204,4.557630636,2.551719801,20.5370056,5.35999497,49.92014085,5.771238131,8.589574294,0.753316984,1.959378734,100,
1053,13,211,13_211,7.55616471,4.265538407,55.26726655,0.095345927,5.842321673,11.26392944,8.843334724,3.64817353,3.217925034,100,
1057,13,316,13_316,7.450813268,3.665033028,14.0090442,4.095934844,53.12877335,4.558799157,10.40793617,0.439188389,2.244477591,100,
1058,13,107,13_107,2.163735464,0.241635433,72.25448604,0.131801145,7.096667902,10.72943696,4.039155924,2.014086247,1.328994879,100,
1059,13,312,13_312,8.532542118,2.969306675,60.05821729,0.069680929,5.481191769,9.493464603,7.624442272,3.040111489,2.731042854,100,
1060,13,213,13_213,6.898537546,4.258543608,11.05099644,5.871031295,44.83897856,8.600439494,14.24566189,1.150261423,3.085549746,100,
1061,13,212,13_212,7.724040831,4.1281239,54.81731785,0.084477297,6.399155227,11.47342485,8.903907075,3.555086237,2.914466737,100,
1063,13,302,13_302,10.0271287,4.016846775,47.16197785,0.10491764,7.459644179,13.73671668,10.43181103,3.943404428,3.117552721,100,
1064,13,210,13_210,4.62686968,3.13112597,10.89717769,6.060850184,63.59193319,2.587341228,6.844974355,0.460538683,1.799189022,100,
1065,13,102,13_102,5.06252985,4.475262236,44.85875506,0.155661295,9.150407726,16.50186617,12.14865654,4.3638229,3.283038225,100,
1069,13,209,13_209,5.021540524,3.654885595,16.71010552,7.303225908,57.37070777,2.081399748,5.534559745,0.411043724,1.912531466,100,
1070,13,309,13_309,8.478911173,4.790410827,44.32695888,0.117150483,7.891998854,15.44298541,11.49918981,3.319650312,4.132744256,100,
1071,13,306,13_306,7.763923445,3.625067197,15.02832976,6.845763381,55.47653142,2.270820746,6.387317656,0.513789052,2.088457348,100,
1072,13,315,13_315,5.516097286,3.279545682,36.10374643,0.272382968,11.10610754,20.38355354,14.36087869,4.100800861,4.876887005,100,
1073,13,405,13_405,1.179893392,0.999013509,16.45589522,9.409928079,62.99907195,1.992461483,4.981014569,0.495332603,1.487389194,100,
1075,13,408,13_408,10.36259978,3.662340615,13.25037641,6.153012872,54.61518061,1.930797198,6.912001392,0.569697429,2.543993691,100,
1076,13,104,13_104,6.389561582,3.588526319,38.73911798,0.331322457,13.26250182,19.46639478,11.91144247,3.530905022,2.780227572,100,
1077,13,203,13_203,11.0922601,4.493738027,15.18984598,6.874263235,54.05971662,1.54607707,4.45267788,0.419030234,1.872390844,100,
1078,13,105,13_105,0.628443901,0.355865823,44.22390018,0.285828401,17.02477243,21.40116489,11.584379,2.858284007,1.637361368,100,
1079,13,206,13_206,1.647334036,0.323241417,19.00300375,9.233929814,61.04234582,2.078322593,4.606669069,0.735074926,1.330078572,100,
1084,13,116,13_116,6.696451301,2.904638257,19.46947711,7.287052594,53.48251107,1.899088641,5.984929484,0.451860903,1.823990632,100,
1085,13,111,13_111,7.776546841,3.741197744,41.52500287,0.161719576,12.23847907,15.90709401,11.68965122,3.607492583,3.352816085,100,
1086,13,202,13_202,4.677876875,4.032608418,13.97357594,6.40029644,60.79067747,1.776085457,5.875137359,0.330939664,2.142802382,100,
1087,13,106,13_106,0,0.050624367,48.80526493,0.241309484,17.94296321,19.20688491,10.19912251,2.202159973,1.351670604,100,
1088,13,201,13_201,6.061635459,10.78892301,14.30007881,6.857896024,52.60754953,1.801777319,4.687882164,0.816642661,2.077615023,100,
1089,13,412,13_412,10.01907267,4.703715883,30.85037817,0.335415982,14.65702072,17.47319961,13.58500493,4.081552121,4.294639921,100,
1090,13,307,13_307,6.141507187,5.148892242,14.73199396,6.9101882,53.38044946,2.931787501,7.709044707,0.782974668,2.263162074,100,
1094,13,215,13_215,10.70254152,3.376156504,34.11548322,0.246628024,15.38568721,16.30671051,12.6504849,3.528034779,3.688273325,100,
1095,13,404,13_404,6.922240508,4.124544493,15.10226872,7.219054896,53.44128365,2.655166334,7.883213824,0.5583637,2.093863877,100,
1096,13,113,13_113,7.878178056,5.500127547,30.19472237,0.33870922,17.0885179,18.14999575,13.21249398,3.993650974,3.643604206,100,
1097,13,109,13_109,0.366809228,0.597820997,19.67658352,9.351293978,54.41263697,4.431367652,8.973558518,0.833515437,1.356413698,100,
1098,13,304,13_304,5.11543616,3.55293616,27.46101365,0.638096979,20.43433236,21.31609405,14.19499269,3.944322612,3.342775341,100,
1099,13,112,13_112,7.039793974,3.568404713,14.43589925,6.313060044,52.4659564,3.41317999,9.78092147,0.740845269,2.241938898,100,
1100,13,308,13_308,7.703497466,6.552274291,24.66996183,0.508352625,19.67090033,19.38153038,13.93199024,3.976099606,3.60539323,100,
1104,13,114,13_114,5.243342649,3.075630982,15.10157981,6.681243574,56.97157503,2.264730158,8.376895119,0.359113222,1.925889457,100,
1106,13,409,13_409,9.787437496,3.972348945,14.01876606,6.183636472,49.46909178,3.801023966,9.679861346,1.255055083,1.832778851,100,
1107,13,216,13_216,2.183176588,3.55540538,28.50519044,1.036211072,23.11952094,21.08088829,13.9156389,3.607966811,2.996001577,100,
1108,13,313,13_313,6.969386564,3.503494418,12.58120146,6.464997472,58.72956187,1.758230359,7.54249705,0.422701399,2.027929411,100,
1109,13,413,13_413,5.038848956,3.978230039,29.88521073,0.419399023,21.3093492,17.3796046,14.38441678,3.772166935,3.832773731,100,
1110,13,310,13_310,9.624575091,3.336552814,13.53561707,6.645510079,56.47805527,1.630646112,6.526347478,0.371285576,1.851410509,100,
1112,13,414,13_414,5.225053836,4.047930456,12.99063322,6.338763162,61.08887215,1.595920363,6.152484378,0.43332937,2.127013066,100,
1113,13,416,13_416,6.259704067,4.013005109,32.38139473,0.29195143,22.43514034,14.39320549,13.47090439,3.259239599,3.495454847,100,
1118,13,402,13_402,3.948729553,5.08178703,29.17986681,0.541475399,23.09594621,18.36652227,13.21684877,3.247236051,3.321587897,100,
1120,13,403,13_403,10.54421769,5.73372206,26.48757462,0.445647647,20.21796474,18.01055116,12.42121338,3.113980286,3.025128419,100,
1121,13,208,13_208,1.514196508,1.550842116,17.94315533,9.532255464,59.64732267,1.751660046,5.762155348,0.719719734,1.578692778,100,
1122,13,101,13_101,3.548646907,2.905927835,35.22068299,0.240012887,23.42622423,17.01514175,12.10534794,2.830219072,2.707796392,100,
1157,17,115,17_115,2.87213135,2.195880596,29.18865384,13.76023274,41.01607836,1.942093128,7.106049117,0.218195324,1.700685536,100,
1158,17,101,17_101,0.39738776,0.813768317,74.3115111,0.09934694,8.960217394,6.239864421,6.255935249,1.307581048,1.614387774,100,
1159,16,401,16_401,7.589821305,3.729241649,22.17844289,14.17945318,43.8807855,1.453558123,5.566710867,0.094714908,1.327271579,100,
1160,16,405,16_405,10.48378391,3.412858751,58.66785929,0.058603087,8.70564286,6.568172355,8.284625943,1.713369215,2.105084589,100,
1161,16,404,16_404,4.655358026,1.558090139,8.309814077,14.8680497,58.50330239,2.433879368,7.576595188,0.301143472,1.793767639,100,
1162,16,305,16_305,7.431658209,3.549159958,64.16464531,0.056548461,8.391493921,6.108721856,6.895935951,1.465795622,1.936040715,100,
1163,16,302,16_302,8.312478396,2.600760456,14.14448669,21.90114068,44.57241618,2.031109575,4.911164881,0.203249222,1.323193916,100,
1164,16,413,16_413,6.295314833,2.134757402,69.09242544,0.069947943,8.026526412,5.971133022,5.784156791,1.163557122,1.462181031,100,
1165,17,201,17_201,0.619993758,1.312805576,20.06865703,25.44054926,41.74971393,2.765005721,6.387184022,0.172682825,1.483407885,100,
1166,16,308,16_308,3.263955307,2.029724765,69.00760577,0.066797225,10.10004403,6.993973069,6.193924489,1.124925992,1.219049354,100,
1167,17,205,17_205,3.290265846,0.980856389,38.73097477,20.36934316,29.59751065,1.43002097,1.747953731,1.476019752,2.377054725,100,
1168,17,109,17_109,2.408574525,2.575836645,71.76481608,0.131133502,8.832778023,6.204755597,5.322949701,1.170834839,1.58832109,100,
1172,17,107,17_107,0.781690021,0.60760185,40.32871943,16.97018313,33.15014251,1.821098804,2.669351948,1.48998993,2.181222372,100,
1173,17,112,17_112,0.089886247,0.530018907,73.29758547,0.088336485,9.482999101,6.594241081,6.70117472,1.405634938,1.810123051,100,
1174,17,103,17_103,4.882587048,1.97095257,30.96841996,8.750409179,42.74934101,2.220767362,3.914339369,1.504057337,3.039126165,100,
1175,17,207,17_207,1.178067161,0.857563595,75.99976901,0.093841134,8.06889383,5.441342073,5.587156758,1.193947969,1.579418474,100,
1176,17,104,17_104,1.673281429,1.139490825,41.09496218,15.4094008,33.48637175,1.525313567,3.103176469,0.565596781,2.002406206,100,
1177,17,202,17_202,0.66538674,0.707466533,83.42056124,0.048654762,6.308024091,3.522867738,3.779291481,0.703521553,0.844225863,100,
1178,17,206,17_206,1.7705274,1.177567752,47.04007349,13.14950656,29.91105605,1.707890817,2.625168771,0.830978662,1.787230489,100,
1179,17,208,17_208,2.197619707,1.347910324,73.16911154,0.10102408,7.906172156,5.852477166,6.177691669,1.410185441,1.837807916,100,
1180,16,407,16_407,3.64807156,2.228179602,32.26818984,15.45311258,38.71563094,1.480513532,3.57263138,0.645282968,1.988387601,100,
1182,16,303,16_303,8.961813656,4.703229948,9.10115702,23.00104899,46.63618857,1.398130607,3.632321398,0.436817961,2.129291854,100,
1183,16,114,16_114,11.38896105,4.200106643,23.05546821,0.813497218,31.33810038,12.59074937,12.11358882,2.054934989,2.44459332,100,
1184,16,304,16_304,5.565014917,1.976278833,7.28370807,35.21356327,42.76940988,1.337408135,2.549661646,1.14531034,2.15964491,100,
1185,16,307,16_307,3.384084779,2.552802629,21.24043804,1.15406724,43.46986602,12.93940779,11.75881026,1.711203148,1.789320088,100,
1186,16,406,16_406,8.189981009,5.040839279,19.78169884,2.51673212,55.52851375,1.550601988,3.831332854,0.728285119,2.832015045,100,
1276,20,202,20_202,2.063631294,0.409821781,30.99077538,22.70284871,31.61959477,4.135976021,6.722413272,0.294804471,1.060134303,100,
1277,20,203,20_203,1.357371968,1.040034639,34.58805968,0.383140671,33.03698091,15.09773648,11.28199723,1.46846852,1.746209898,100,
1278,20,101,20_101,1.445202615,1.567235581,26.93319125,23.54577382,32.10240457,3.844324894,8.686971119,0.325134781,1.549761377,100,
1279,20,201,20_201,1.308125736,1.164608847,29.63316636,0.713396213,36.2687284,16.33970504,11.3487237,1.548251272,1.675294433,100,
1280,20,215,20_215,0.777319732,0.636578695,29.8026631,21.5016869,32.36419987,3.28146211,9.189341611,0.520292662,1.926455322,100,
1281,20,105,20_105,0.89754169,0.243552479,32.9950489,0.204756509,37.98772077,14.74862675,9.993041358,1.476402197,1.453309358,100,
1282,20,107,20_107,1.970600767,1.845656905,19.77222216,18.8639321,36.50865395,7.499510589,11.04486463,0.476456431,2.018102465,100,
1283,20,111,20_111,0.004361911,0.029370198,30.57699354,0.446368855,41.02958539,15.55748126,10.22868043,1.330382743,0.796775676,100,
1284,11,304,11_304,5.348189272,3.001490374,29.27739907,16.31601051,29.55012215,6.248303483,8.144561159,0.341864145,1.77205984,100,
1285,11,404,11_404,3.693747885,1.525567556,51.98906511,0.436375159,26.13282991,8.330066114,5.879651759,0.914373795,1.098322708,100,
1286,11,303,11_303,8.315774796,2.109864799,49.0012291,0.24659416,23.28959192,8.079509187,6.420485648,1.088371084,1.448579308,100,
1290,11,406,11_406,3.151994472,1.07114063,47.24536415,12.55038968,20.82773448,6.027565555,7.50566284,0.236751513,1.38339668,100,
1291,11,306,11_306,8.118358156,3.145946088,45.84205744,0.462213092,23.46751998,8.872911152,6.993771316,1.368203426,1.729019344,100,
1292,11,405,11_405,9.931493544,2.270166669,42.62681464,9.770911304,22.15128401,4.548103446,7.193825354,0.198137764,1.309263264,100,
1293,11,401,11_401,7.629121931,2.771945116,49.02077308,0.289211996,21.08870488,8.605047344,7.489138043,1.374747435,1.73131017,100,
1294,11,403,11_403,10.66299347,3.76875638,34.57466892,10.9510691,26.58266792,5.554545582,5.863597589,0.378973276,1.662727769,100,
1295,11,305,11_305,6.959580376,3.883986424,54.18574514,0.19623573,16.03332305,7.728478865,7.097809318,1.741437828,2.173403271,100,
1296,11,302,11_302,17.95659369,3.101301237,30.0225008,10.60633118,25.8163982,3.900139291,6.496660595,0.432158291,1.667916711,100,
1297,11,301,11_301,10.26672394,3.125447469,50.34821208,0.141888286,16.69725726,8.731987347,7.236302574,1.651892061,1.800288983,100,
1298,11,408,11_408,2.981589235,1.190829452,54.72138719,8.960249777,21.13948058,4.004696229,5.014901495,0.419306145,1.567559896,100,
1299,11,308,11_308,0.816746648,1.215094441,63.7008916,0.244622973,16.59024984,8.03111925,6.214492909,1.477095002,1.709687337,100,
1300,11,309,11_309,1.48941932,1.388835158,47.76458148,8.780481514,27.3962887,4.160057771,6.536680981,0.434575161,2.049079913,100,
1301,11,310,11_310,2.711349932,3.876286968,50.42591301,0.274826695,19.75607422,10.73601597,8.278983278,1.836279858,2.104270069,100,
1302,11,409,11_409,4.527298497,1.727752984,60.29916482,6.884070703,17.65353574,3.230605241,4.325824929,0.183903199,1.167843881,100,
1303,11,410,11_410,1.881014259,2.091732809,56.99234389,0.161550889,18.51654141,8.392217462,8.073330055,1.858537613,2.032731615,100,
1307,20,213,20_213,1.244807571,0.953206239,28.74061236,11.15650188,45.62460455,2.949024786,7.58713653,0.594206487,1.14989959,100,
1308,20,209,20_209,1.22148289,0.635297845,31.87103929,0.495880862,27.0373891,21.35297845,12.87072243,2.75982256,1.755386565,100,
1309,20,216,20_216,0.790508583,0.694850401,19.06653558,15.94967317,49.94154222,3.406494128,8.242546633,0.714779189,1.193070096,100,
1310,20,110,20_110,0.828259312,0.702901146,34.96448185,0.62828319,29.76659503,18.85744986,10.72707736,2.083333333,1.441618911,100,
1314,20,214,20_214,0.187421111,0.22312037,25.64226792,14.68004539,47.56288807,3.118585289,6.961355552,0.48194,1.142376296,100,
1315,20,206,20_206,0.872865275,1.744080521,26.41036218,1.478425872,32.30591535,19.18653576,12.92962627,2.884250474,2.187938289,100,
1316,20,108,20_108,1.039705021,0.621924008,18.07219383,14.62550047,50.86642085,3.896124448,8.320805178,0.813406973,1.743919229,100,
1317,20,207,20_207,0.739413631,0.933756434,21.72084478,0.683236415,38.35992894,19.22779102,13.3732141,2.833153667,2.128661008,100,
1318,20,210,20_210,0.381816198,0.194804183,19.05964125,17.6788692,49.35091246,3.441021086,8.178658812,0.389608366,1.324668443,100,
1322,20,208,20_208,0,0.270827728,7.376916868,1.825845216,42.9199175,25.05246166,17.62353152,2.980898574,1.949600933,100,
1323,20,205,20_205,0.324123853,0.696554626,25.98756486,15.66702507,43.4793449,3.337852368,8.439686473,0.4581366,1.609711249,100,
1324,20,212,20_212,1.789144877,2.19243573,20.01055889,2.718913608,40.46987051,16.70943994,11.9902037,2.176304096,1.943128657,100,
1325,20,211,20_211,3.693358658,1.549806075,19.91444943,17.47721578,41.64525242,4.063652179,9.346719231,0.529902798,1.779643433,100,
1326,20,115,20_115,1.140234187,0.460479191,27.22089845,1.122692122,42.01616794,14.52482933,10.40536787,1.783443215,1.325887702,100,
1327,20,106,20_106,2.888416366,2.17344769,16.24734206,15.31260257,48.71491159,3.122458008,8.904999072,0.41670829,2.219114352,100,
1328,20,109,20_109,0.403951839,0.656030312,17.08340509,0.206673034,47.14963441,17.00981697,13.97548106,1.944605364,1.570401916,100,
1329,20,102,20_102,1.292120966,0.974172099,19.47327923,19.50376748,45.51459806,3.490178429,7.598832736,0.426835465,1.726215537,100,
1330,20,104,20_104,2.37440368,0.92458782,23.68343356,1.488664087,38.2639504,17.19267167,12.03051917,1.811881342,2.229888272,100,
1331,20,114,20_114,2.272990242,1.384621318,20.16507463,20.89145443,41.52064076,2.954373064,8.860547935,0.326549503,1.62374812,100,
1332,20,113,20_113,0.861413732,0.63637312,25.78726956,0.599114741,41.92908985,16.36686091,10.74829729,1.734750145,1.336830653,100,
1333,20,112,20_112,1.756774562,0.803724362,15.68067694,22.1822068,44.92950942,3.434494269,8.842431962,0.623654969,1.74652671,100,
1334,20,116,20_116,1.158719222,2.026352425,21.51364729,2.38493665,37.81587052,18.17670468,12.55747894,2.165567477,2.200722793,100,
1335,20,103,20_103,2.206498592,0.809232672,26.50133956,24.60946624,34.16363262,3.179226489,6.690939067,0.365459916,1.47420485,100,
1336,20,204,20_204,0.14297854,0.427586765,31.48090697,0.035070208,37.42800491,15.71145312,11.68377463,1.669881436,1.420343418,100,
1354,11,411,11_411,1.268679765,1.584661804,50.26015063,7.745123661,26.56387351,4.639946782,6.165213466,0.2470837,1.525266684,100,
1355,11,407,11_407,4.321907601,1.01543358,70.51706282,0.194498472,11.6370709,5.86273965,4.203187754,1.043219076,1.204880143,100,
1356,11,307,11_307,3.379355687,0.641683103,57.78040763,6.913872452,21.39119001,3.63182117,4.788954635,0.202498356,1.270216963,100,
1357,11,311,11_311,8.418266794,4.203502449,59.74717045,0.070386846,11.38014528,5.788614224,6.241905513,1.748409257,2.401599189,100,
1358,11,313,11_313,10.55761248,1.719398631,44.29204533,7.087961405,26.61561764,3.267698867,4.905755638,0.154269045,1.399640974,100,
1359,11,312,11_312,11.24194001,3.476310625,52.01289599,0.148584244,12.53994954,8.410428932,7.597420802,2.085786375,2.486683488,100,
1360,11,413,11_413,6.881520007,2.795899348,34.18813697,8.667287978,34.89763401,3.51742176,6.731202838,0.327691429,1.993205664,100,
1361,11,315,11_315,4.828267684,1.843396484,52.73613193,0.14651765,16.32819954,10.80482486,8.804688565,2.207986916,2.29998637,100,
1362,11,412,11_412,5.936043914,4.164805004,35.32265271,9.373204825,34.24395226,3.086104551,5.79562137,0.28403651,1.79357886,100,
1363,11,416,11_416,9.097546348,4.709134051,57.17712706,0.146019661,12.68545801,6.831634116,5.814711481,1.413261714,2.125107559,100,
1364,11,414,11_414,6.788482209,3.009560446,39.72393506,8.692085761,32.33014652,2.098772416,5.377043616,0.172540589,1.807433388,100,
1368,11,415,11_415,12.30719635,4.058175867,57.47160641,0.13266875,12.00838169,4.632247185,5.692357288,1.419679611,2.277686852,100,
1369,11,314,11_314,18.92638118,2.518119309,34.77845329,7.302147769,28.07099052,2.078742666,4.158812754,0.362386174,1.803966337,100,
1370,11,316,11_316,2.126006904,1.342059839,58.70828539,0.151035673,16.46001151,9.922324511,7.492807825,1.741944764,2.05552359,100,
1371,17,204,17_204,8.844178342,1.369176063,34.98769109,9.550800839,34.1230283,2.732273653,5.64538188,0.697504787,2.049965049,100,
1372,17,106,17_106,0.953566679,0.366429926,51.8349792,0.202314592,13.66260151,22.52058516,7.545060977,1.529385133,1.385076823,100,
1373,17,108,17_108,1.861750592,0.605904149,36.04750046,10.98068396,39.10131811,2.414505254,6.273157991,0.584644354,2.130535139,100,
1374,16,403,16_403,8.294000491,3.831882793,62.32777672,0.064114806,9.831391701,5.841268109,6.445584263,1.400976728,1.963004393,100,
1375,17,111,17_111,2.91469828,1.433579939,34.78622575,12.51299878,38.54621624,2.222420299,5.331728912,0.405561993,1.846569807,100,
1376,17,110,17_110,3.322250704,3.348899774,68.61500977,0.105327276,9.249765234,5.781579148,6.140707089,1.460622827,1.975838177,100,
1377,17,102,17_102,2.042907262,1.696730727,33.49684871,13.39532429,39.34459313,2.297494489,5.59005247,0.274767922,1.861281008,100,
1378,17,114,17_114,0.638744411,1.257718162,61.05484077,0.159686103,12.22587219,10.3507011,11.26471393,2.839370989,0.208352344,100,
1379,17,203,17_203,2.277516381,1.967208383,30.77389372,13.37210981,40.6157088,2.234217591,6.372138672,0.249689692,2.137516959,100,
1380,17,105,17_105,1.84823786,0.526632993,74.47193204,0.11623235,8.088910573,5.602112272,5.86184135,1.476581334,2.007519229,100,
1381,17,116,17_116,2.051739518,1.509309085,38.70392219,13.71902967,35.99177002,1.389888061,5.163880176,0.064746338,1.405714943,100,
1382,17,113,17_113,0.831233433,0.603789639,75.80914357,0.07036031,8.291062604,5.396472167,5.633733678,1.438295644,1.925908957,100,
1386,16,310,16_310,1.783182463,2.050387174,6.75918857,8.820482059,16.87206893,40.59194023,16.10181045,4.47158905,2.549351074,100,
1387,16,207,16_207,4.766533328,2.22438222,3.936595761,6.243224046,16.7968896,42.44457737,15.85666754,5.28991738,2.441212756,100,
1388,16,316,16_316,14.70173934,3.03466438,7.367711906,6.445982362,11.03013229,31.98034052,16.60797403,5.316021558,3.515433611,100,
1390,16,315,16_315,9.682486256,4.424249224,7.464751861,5.067504394,11.59729234,32.65828939,17.68016755,7.348816336,4.076442649,100,
1391,16,416,16_416,4.658259918,2.930845857,8.593884954,8.608280071,13.51989405,35.28387171,17.63833708,5.274370933,3.492255427,100,
1392,16,411,16_411,4.268309999,1.82887002,6.633913611,7.559708062,15.37216369,38.66611763,17.13997671,5.557606566,2.973333712,100,
1393,16,106,16_106,3.628281372,2.126509281,5.027932961,6.785006307,14.2217817,41.95801045,18.13089446,5.418393705,2.703189764,100,
1394,16,108,16_108,8.096448876,2.231237323,4.665314402,6.259463475,14.12164672,38.98380139,16.88569551,5.708082164,3.048310145,100,
1395,16,312,16_312,3.779081529,1.416144042,5.709083552,9.803762897,16.28565648,40.58466518,15.76572931,4.207970868,2.44790613,100,
1396,16,206,16_206,11.16034887,3.262863756,5.642270456,5.2442914,12.5462192,34.98123007,17.07781761,6.474921674,3.610036975,100,
1400,16,113,16_113,6.100593887,1.996385035,8.226084829,8.998002256,14.44219453,36.74490032,16.22521506,4.632863569,2.633760515,100,
1401,16,107,16_107,4.811401194,1.950275421,4.795160177,6.673704441,14.53435652,42.06423322,17.17081489,4.990052377,3.010001759,100,
1404,16,306,16_306,10.77276441,3.593289369,6.22876289,5.951718504,12.49422824,35.14675065,16.42257557,5.942246901,3.447663474,100,
1405,16,116,16_116,12.21447134,3.199136765,8.545722579,6.819252572,12.46067569,32.54152799,15.41208833,5.509202268,3.297922461,100,
1406,16,412,16_412,6.714046262,2.074421723,7.37378478,9.449547435,14.43513242,34.56922561,16.46798525,5.27388535,3.64197117,100,
1407,16,313,16_313,7.109505189,2.757016285,8.208351895,8.228150935,15.16111469,34.69781716,15.29970796,5.416687291,3.1216486,100,
1408,16,115,16_115,5.102942402,2.312244728,7.440193382,8.293740102,13.69175627,36.70250896,18.03284154,5.302992415,3.120780195,100,
1410,16,409,16_409,1.714426097,1.096741362,7.266569568,11.09551301,18.14975345,37.98410164,16.21246951,4.209732044,2.270693316,100,
1411,16,213,16_213,8.692464133,2.264772208,6.61169602,7.267470013,13.91375327,35.06869025,17.16495345,5.803738188,3.212462473,100,
1415,16,311,16_311,0.925485722,1.096637191,7.324648981,13.72698171,19.42252227,38.15093024,14.2309277,3.340623118,1.781243067,100,
1416,16,205,16_205,5.412014886,1.258195995,3.576111997,4.437356016,12.34804182,42.04501152,20.7052986,6.794258373,3.423710792,100,
1417,16,101,16_101,5.100060818,2.062034811,4.312317183,5.864635524,12.67340496,39.32636335,20.57401025,6.102117061,3.98505604,100,
1418,16,105,16_105,5.705282918,3.003486189,4.686242961,4.820327165,12.40278895,38.16036471,20.63891124,6.831590239,3.751005632,100,
1419,16,309,16_309,1.225893697,1.369943556,6.48224365,9.898283161,17.13311383,40.65439793,16.23647695,4.486124177,2.513523048,100,
1423,16,103,16_103,5.779270966,2.523699112,4.594709696,4.566318081,13.0995757,39.3365826,19.83785233,6.686225335,3.575766179,100,
1424,16,204,16_204,3.475009782,1.599837698,4.232903908,7.050009419,14.92167461,41.33638616,19.02850435,5.255988523,3.099685539,100,
1425,16,402,16_402,9.060232588,3.391794233,8.192732697,7.173166881,12.9053281,33.39222871,16.81559472,5.65250764,3.41641443,100,
1426,16,109,16_109,0.925717205,0.640187548,5.095952993,9.55021565,18.04697714,43.21566506,16.62534001,3.980884541,1.919059856,100,
1427,16,215,16_215,8.399951955,2.82667592,7.098720122,6.842477545,12.92290035,34.78359514,17.42582979,6.161833202,3.538015988,100,
1428,16,201,16_201,9.537744192,2.797652544,5.535814776,5.256049522,11.07645309,35.7729721,20.58204036,5.870246804,3.57102661,100,
1429,16,314,16_314,6.595319935,2.899899434,8.428020353,7.503414737,13.92161866,33.99876919,17.19376191,5.816309683,3.64288609,100,
1431,16,415,16_415,7.001887764,2.468614276,7.607820359,7.066573379,14.59122652,35.25894048,16.99647529,5.84942773,3.159034204,100,
1432,16,203,16_203,18.25468649,3.719641703,5.102964263,3.839689722,11.47843753,30.65657032,17.39957521,5.922984578,3.62545018,100,
1436,16,202,16_202,7.301862567,3.286588518,6.144636574,5.402611262,12.4443481,34.66175318,19.5494489,7.006719915,4.202030982,100,
1437,16,414,16_414,0.916436051,0.563211837,10.43680207,13.80633857,18.7973689,36.016354,14.02884201,3.543367311,1.891279256,100,
1438,16,102,16_102,15.12232082,3.573910578,5.673849612,5.170817621,11.75037571,32.51142171,16.86976113,5.775459566,3.552083255,100,
1439,16,104,16_104,9.452098686,4.441494637,4.648998337,4.964831174,11.00532491,35.38700966,20.18583787,6.005401199,3.909003525,100,
1440,16,301,16_301,9.042015655,4.958635219,7.767672096,6.543000531,11.96409914,34.20344963,17.12484799,5.210420842,3.185858897,100,
1444,1,116,1_116,6.326325635,3.202620978,33.28289243,4.739894991,19.8402808,17.91772508,9.239985333,3.164624231,2.285650515,100,
1445,1,309,1_309,0,0.233222532,20.28802444,20.18740455,39.39286677,10.87952565,7.204923187,0.841254155,0.972778726,100,
1446,1,206,1_206,1.261203812,1.098593545,11.62238282,10.12558898,30.27119425,28.91699437,11.78428455,3.113685478,1.8060722,100,
1447,1,111,1_111,0.656888429,0.582077681,34.10049114,22.92393221,27.60530517,6.620334062,5.606773571,0.806231819,1.097965926,100,
1448,1,212,1_212,1.726766732,1.384863223,25.33458801,10.3592143,23.94787666,22.70639729,9.608258664,3.021995792,1.910039334,100,
1449,1,201,1_201,0.373733879,0.433867531,18.10621025,27.29631342,35.30637449,11.08980929,5.767172845,0.790143254,0.83637504,100,
1450,1,316,1_316,0,0,47.62427372,7.799247568,21.44676209,16.18574831,5.245430868,1.255092273,0.443445159,100,
1451,1,215,1_215,5.131001479,2.166749464,17.20362624,19.11492797,36.14203365,8.065269984,8.938172241,1.239024419,1.999194561,100,
1452,1,216,1_216,2.753241024,1.941773531,36.2154132,9.563986618,18.93830775,17.83925056,8.113839398,2.797022837,1.837165077,100,
1453,1,102,1_102,0,0.012358801,19.26381714,33.62999605,37.77328398,5.074523568,3.361439306,0.52215933,0.362421831,100,
1454,8,215,8_215,0.483842988,0.538724787,40.70415872,4.667949345,25.27890363,19.48461575,5.970603542,1.627213802,1.243987447,100,
1455,8,311,8_311,0.13767818,0.400209723,24.34395404,19.84093455,40.79253596,7.486298192,5.114272889,0.903017981,0.981098483,100,
1456,8,112,8_112,1.432486262,1.752441339,30.99191923,5.731846059,27.75493313,22.21494313,7.182465058,1.800990281,1.137975509,100,
1460,8,403,8_403,0.609654364,1.166550177,17.40295658,17.88078972,53.8066572,3.112453874,4.238721169,0.817231454,0.964985458,100,
1461,8,401,8_401,7.315443494,2.580282822,19.77851545,9.070638534,26.6562256,22.61586768,7.937950233,2.363242575,1.68183361,100,
1462,8,307,8_307,1.201084404,1.514045337,31.71551703,16.3428562,38.00308182,4.35096451,4.848175219,0.887464258,1.136811226,100,
1463,8,308,8_308,3.961883011,2.666917424,35.03496854,5.896145681,21.82120518,19.48293381,7.28622785,2.192011019,1.657707487,100,
1464,8,306,8_306,5.980385612,3.189007085,26.49473004,13.18492008,38.14710303,3.650138975,6.509905706,0.902887122,1.940922361,100,
1465,8,304,8_304,7.857287888,4.623466985,19.2822187,8.678733075,22.56927846,23.58737168,8.908635407,2.63044719,1.862560613,100,
1466,8,305,8_305,1.852205171,3.055547582,22.94894026,15.42311154,45.33310146,3.536074102,5.552900972,0.891658661,1.406460262,100,
1467,8,303,8_303,1.689936654,0.977862407,38.77171249,4.970274642,26.52670414,19.18741672,5.804784548,1.302794743,0.76851366,100,
1468,8,103,8_103,1.372118063,2.740498839,15.21200203,13.30936724,43.52888834,10.51298707,10.4572837,1.253770655,1.613084062,100,
1469,8,404,8_404,4.742591256,2.460872378,36.8779185,3.953652326,24.81392089,17.29577745,6.636310101,1.898197683,1.320759412,100,
1473,19,415,19_415,1.774137609,2.04759491,8.686604594,18.65512366,28.29816183,28.43422351,8.07299309,2.251687432,1.779473361,100,
1474,19,410,19_410,4.601860041,1.877462411,5.770416231,16.5567795,31.12486934,28.67250945,7.716223098,2.160220846,1.519659082,100,
1475,19,413,19_413,1.405928615,2.166969147,11.96128252,18.92437992,27.76043557,26.40532365,7.656382335,2.042347247,1.676950998,100,
1476,16,216,16_216,3.281813141,3.307804269,8.556279457,7.816398669,14.21194899,35.24050457,17.9061547,6.13044081,3.548655392,100,
1477,16,209,16_209,3.18247855,0.94980949,3.897919465,7.00501631,16.68265673,43.26635783,17.89424632,4.577725391,2.543789918,100,
1479,16,110,16_110,6.916409404,2.598848255,7.038114462,8.455533128,14.97565899,35.43101401,16.94965566,4.737592021,2.897174068,100,
1480,16,211,16_211,4.052609703,2.49836708,6.935455139,7.33477822,15.22771807,36.2864438,18.10462562,6.104150585,3.45585179,100,
1481,19,110,19_110,0,0.014893758,10.4256305,25.69504203,34.07029854,23.5023499,4.835506719,1.009465811,0.446812736,100,
1482,19,211,19_211,1.78786104,1.049597731,8.01454949,21.82269351,32.55448352,25.36604914,6.664406153,1.553589593,1.186769828,100,
1486,19,308,19_308,0.157922997,0.437446701,8.020909005,21.46647295,33.59180064,27.04431319,6.868071129,1.484476169,0.928587221,100,
1487,19,412,19_412,0,0,3.330736534,20.57894953,40.15061435,28.94610958,5.222299671,1.096122569,0.675167767,100,
1488,16,111,16_111,2.75059435,2.270968099,7.114225687,8.781168795,16.17598275,37.49239785,16.7233372,5.655996019,3.035329242,100,
1489,19,302,19_302,0,0,12.25538357,35.10396701,28.41657674,17.41910545,4.810991029,1.401259523,0.592716672,100,
1490,19,104,19_104,0,0.086958922,14.86445451,27.70124779,29.90972836,18.79831051,5.942193021,1.628754417,1.068352473,100,
1491,19,307,19_307,0.109792918,0.050321754,15.26579036,26.24203239,29.54191955,21.77102077,5.234987343,1.189423282,0.594711641,100,
1492,19,116,19_116,0.128019118,2.513442007,10.06372507,15.34380245,25.07610025,29.37185286,11.28132912,3.621518591,2.60021052,100,
1493,19,414,19_414,3.250387248,2.469644731,10.46444811,19.65597362,29.70444211,24.26547744,6.551991206,1.853795033,1.783840504,100,
1494,19,313,19_313,0.967923819,1.411164015,10.98076682,21.38673099,28.78242075,24.69771958,7.798208245,2.189575241,1.78549054,100,
1495,19,310,19_310,0.853030585,0.637446492,10.48607234,25.96159811,34.67801973,21.48861592,4.387679136,0.958496185,0.549041504,100,
1496,19,411,19_411,0.181682163,0.247141178,6.691514374,19.89820455,35.09271134,27.94298386,7.284653201,1.621780485,1.039328845,100,
1497,19,304,19_304,0,0.031819146,11.81399436,32.07218401,30.99033304,18.88996636,4.247098397,1.136398073,0.818206612,100,
1498,19,103,19_103,0,0.025277307,22.54884468,35.51461623,20.88946382,12.63419276,5.532756416,1.834835103,1.020013679,100,
1502,20,305,20_305,0.508573296,1.029931953,5.645447701,7.208103078,19.02603952,38.79505064,19.59711903,5.675280213,2.514454562,100,
1503,16,214,16_214,6.163804101,2.187546161,6.964158621,7.831656976,16.2313508,37.06742584,16.30118039,4.368377939,2.884499174,100,
1504,19,114,19_114,0.612486945,2.147244694,6.340833053,14.66428281,27.01846312,30.47742118,12.47455347,3.705014958,2.559699775,100,
1505,19,213,19_213,0.579205518,1.160085039,6.431524851,17.92858697,33.53198185,29.96635251,7.481125601,1.792858697,1.128278956,100,
1507,19,212,19_212,0.830541705,1.449588589,9.728761752,20.94261852,30.2128842,25.85639965,7.263380521,2.011516433,1.704308628,100,
1508,19,305,19_305,0.347977381,0.059314326,20.74156089,30.28194076,25.74637194,14.93798358,5.605862892,1.380046661,0.898941569,100,
1510,19,316,19_316,2.764230082,3.603103381,12.62962018,15.68798115,24.23728559,24.10222549,11.44559329,3.101880337,2.428080496,100,
1511,19,314,19_314,1.74172364,2.530099459,8.239082502,16.95087324,30.78789994,24.70614362,9.753969639,2.526926921,2.763281039,100,
1512,19,101,19_101,0,0,7.15691253,27.75485591,33.70096483,24.67468579,4.901929669,1.160022851,0.650628412,100,
1516,19,403,19_403,0,0,11.59412727,29.42107644,31.59030025,18.81153672,6.380683993,1.299446822,0.902828515,100,
1518,19,315,19_315,5.809993635,3.0760662,10.08752387,18.29885423,26.19350732,22.02100573,9.863144494,2.321769574,2.328134946,100,
1519,19,309,19_309,0.490553429,0.472328534,10.98505559,22.49407691,30.90638479,23.4615151,8.550513335,1.423060567,1.216511755,100,
1520,19,416,19_416,1.276223319,1.662878491,7.956475168,17.04025916,28.6203203,31.065653,8.694516289,2.15926013,1.524414139,100,
1521,19,112,19_112,1.927303743,1.714070137,8.160286061,18.14289932,29.79365548,25.88655972,10.61903356,1.86497392,1.891218056,100,
1522,19,301,19_301,0,0,6.842121862,30.94014129,34.83978807,21.17131323,4.434212186,1.159013498,0.613409865,100,
1523,19,113,19_113,1.946355338,2.316774706,5.48187591,13.62118005,26.822331,30.64228072,13.52692155,3.236208493,2.406072232,100,
1524,19,216,19_216,0.049927525,1.847318409,6.437429538,14.33886294,26.51634724,34.12787889,11.2256402,3.171203092,2.285392173,100,
1528,11,110,11_110,3.868372189,1.325562203,21.65428788,13.22811361,16.33828485,21.27776632,16.03741146,3.221924214,3.048277285,100,
1529,11,104,11_104,3.409647072,2.848170102,18.37647507,13.29327315,16.33177443,29.95540812,10.64223177,2.947414215,2.195606069,100,
1530,11,206,11_206,4.484075667,3.917175423,22.24143635,10.85080148,14.89428889,21.53920183,15.38901086,3.651018014,3.032991489,100,
1531,11,213,11_213,6.237268685,5.208721848,13.5920241,10.17070722,15.14703773,31.18347439,12.37412136,2.937885526,3.148759145,100,
1532,11,207,11_207,3.878668524,2.549353956,23.30923675,11.59757913,14.74734617,22.00153706,15.27691051,3.686536337,2.952831548,100,
1533,11,201,11_201,7.366436204,5.369264613,17.03174104,11.73161534,14.56788184,30.47768699,9.044626021,2.372721559,2.038026398,100,
1534,17,301,17_301,1.644819763,2.689374842,12.90490295,12.24161835,17.90868414,24.34774389,19.22107386,4.991177212,4.050604991,100,
1535,17,306,17_306,2.404827669,1.094331692,21.65095473,11.97910412,18.5165726,27.04155158,12.46247148,2.251711301,2.598474841,100,
1536,17,401,17_401,3.979689151,3.295357888,11.43774003,9.779106632,16.20614996,26.01747558,20.14588757,5.281336186,3.857257004,100,
1537,17,402,17_402,7.431538481,2.048228862,9.584612696,10.60435857,16.10499513,34.11218453,14.06425522,2.543747972,3.506078534,100,
1538,17,405,17_405,1.954534223,1.629602174,20.54978997,12.06325673,16.30467013,23.25673338,16.59747961,4.257474673,3.386459106,100,
1539,17,406,17_406,2.467234158,1.414673693,24.65477638,14.69531144,15.17227402,27.68815025,9.86893663,1.55924875,2.479394676,100,
1543,17,304,17_304,3.745027497,1.227475157,10.84916874,12.0560407,17.94934783,25.70645197,19.81869186,4.870279094,3.777517156,100,
1544,11,216,11_216,8.413117125,5.391598934,12.24608669,9.794994711,15.77576626,35.26198096,9.146904835,1.474270564,2.495279924,100,
1545,17,407,17_407,1.635155191,1.397044589,12.49209524,13.29418597,18.99657998,27.17171065,17.50403304,4.285990837,3.223204491,100,
1546,17,308,17_308,2.571247106,1.197525047,13.70136655,13.19223914,16.92208404,36.81698047,10.88118994,1.997582413,2.719785286,100,
1547,17,307,17_307,0.789819526,0.596593497,11.76726998,11.94878534,20.10786827,30.97081441,16.91671112,4.021964009,2.880173838,100,
1548,11,215,11_215,5.85968987,3.241341622,12.60946786,10.22064349,16.18621491,37.37413758,10.35453241,1.558849648,2.595122618,100,
1549,17,302,17_302,1.40474241,1.015428085,6.526834594,11.34229158,21.83932958,30.96854982,20.0340349,4.037631042,2.831157989,100,
1550,11,109,11_109,4.202187614,1.054912607,15.67446143,13.70830754,17.65252179,34.47159118,9.577558699,2.109825213,1.548633932,100,
1551,11,211,11_211,5.121056896,2.044165511,11.55705398,9.22449428,16.40207644,29.62769683,19.13976132,3.849375833,3.034318909,100,
1552,11,204,11_204,2.429645167,1.809124279,20.15461378,17.30307797,18.03800988,31.04352386,5.925537493,1.298247287,1.998220273,100,
1553,11,212,11_212,3.680485079,4.031833305,15.28396901,9.741402567,15.94427245,28.45214085,15.77148877,3.816656604,3.277751371,100,
1554,11,202,11_202,2.658302117,2.263393059,18.60284936,15.4337982,17.69719126,33.52740293,7.216680959,1.205036783,1.395345339,100,
1555,17,303,17_303,2.67814512,1.357881791,9.51674745,12.11748535,19.97757361,28.70867395,18.61101063,4.029516024,3.002966071,100,
1556,11,101,11_101,3.763433537,2.869226473,15.75043927,12.95204108,16.76927687,36.68632606,7.947750521,1.366168599,1.895337592,100,
1557,17,408,17_408,4.042371338,1.802603371,10.28387675,11.39850635,17.23087055,27.39284563,19.04608443,4.586024745,4.216816825,100,
1561,19,105,19_105,0,0,10.25256995,28.61324801,33.85118116,19.22799374,6.061678807,1.096058275,0.897270066,100,
1562,19,408,19_408,1.451587996,0.202467356,9.838540862,25.89008425,32.93697775,23.39699044,4.509188243,1.120433761,0.653729346,100,
1563,20,404,20_404,3.498842975,4.411239669,9.073719008,7.88231405,15.46049587,29.09090909,20.28429752,6.247933884,4.050247934,100,
1564,20,407,20_407,2.431051805,1.352785521,6.237529893,8.375666841,16.36927083,39.61001288,17.84375044,4.71352361,3.066408185,100,
1565,20,403,20_403,0.629105074,0.707335756,5.857522369,8.326678293,19.32297863,36.83361312,19.77280506,5.510373714,3.039587985,100,
1566,20,312,20_312,2.00540822,2.337963352,8.47511715,12.27934631,5.414938108,47.53858815,15.19676179,3.585884882,3.165992039,100,
1567,20,316,20_316,0.954645531,1.05680317,9.680317041,11.58784676,19.23734038,31.16160282,18.49757816,4.877146631,2.946719507,100,
1568,20,309,20_309,1.735927708,1.578894774,6.838070494,10.05724564,19.92890691,41.29966167,13.73609902,2.545361104,2.279832689,100,
1569,20,303,20_303,0.344661198,0.785827532,7.326118426,11.72261667,20.13097126,34.9707038,17.40676915,4.754945888,2.557386089,100,
1570,20,310,20_310,2.126790702,0.584785769,3.567519888,7.75739558,17.28548326,49.6806547,13.80617129,2.660938597,2.530260213,100,
1571,19,401,19_401,0.010335383,0,16.03017932,32.21022169,30.84422855,14.05612113,5.453637194,0.656296832,0.738979898,100,
1572,20,311,20_311,0.123969077,0.33402779,6.580691816,12.26432962,21.25380947,44.55655228,11.4878011,1.806160574,1.592658276,100,
1576,20,402,20_402,0.836342603,0.831652832,5.682439932,11.09756288,23.68334662,32.92844972,17.86646657,4.173896731,2.899842111,100,
1577,19,311,19_311,1.000365351,0.560204596,6.223142365,20.84065485,35.3172463,28.45560987,5.586388072,1.179561231,0.836827363,100,
1578,19,204,19_204,0,0.02144805,17.27334007,33.81591445,27.89778472,13.9657444,5.259368202,0.946778197,0.819621902,100,
1579,19,214,19_214,1.2392162,3.997577226,7.541702817,16.5059669,27.18090592,29.59713196,9.175438309,2.629037275,2.133023393,100,
1580,19,312,19_312,0.438832324,0.551575807,6.679617713,19.25832134,40.60152984,19.162923,10.48167485,1.463930758,1.361594366,100,
1581,19,205,19_205,0,0.082312054,13.27510518,29.21620633,30.01341382,20.77617218,4.800012194,1.25297238,0.583805865,100,
1582,19,306,19_306,0,0.045213968,17.26508684,30.05532062,29.32790766,15.80893109,5.722226655,0.885661853,0.889651321,100,
1583,19,203,19_203,0,0,7.952533829,28.5292088,33.11830538,22.64394371,5.537219839,1.446188004,0.772600438,100,
1584,19,409,19_409,0,0,7.195367573,23.29472978,39.76837865,21.72205438,7.111446794,0.268546492,0.639476334,100,
1585,19,201,19_201,0,0.012447487,8.394274156,28.54053213,34.21503034,23.05896997,4.180799751,0.98957523,0.608370935,100,
1586,19,111,19_111,0,0.398432397,10.28576094,21.7194644,33.21358589,23.5467015,8.868386675,0.888308295,1.079359895,100,
1587,19,102,19_102,0,0.023306143,12.62693524,39.67537872,26.23605793,15.68503413,4.000332945,1.122024305,0.630930581,100,
1588,19,404,19_404,0,0,11.98468982,25.39932397,32.2242842,21.65296925,7.113268823,0.500397667,1.125066278,100,
1589,20,409,20_409,2.642280197,1.017547117,5.282703556,8.205366261,16.7338223,40.79101291,18.3548417,4.53439792,2.438028038,100,
1593,19,405,19_405,0,0,18.71771636,31.62890802,27.8794744,12.14771183,7.494336203,0.903942003,1.227911192,100,
1594,19,202,19_202,0,0.019097554,11.97590236,34.5648362,29.90329693,17.91697773,3.996597163,1.06772687,0.555565201,100,
1595,20,408,20_408,0.902850205,0.599305739,5.631917311,7.700689591,16.37894802,40.36674398,20.66904313,5.038838125,2.711663891,100,
1596,19,402,19_402,0,0.004885277,9.451383348,29.03646045,33.75075315,18.0006188,7.68616978,0.985197609,1.084531583,100,
1597,20,304,20_304,7.604531411,2.025403364,8.62341229,8.490216272,16.23069001,28.71815997,19.86680398,5.351184346,3.089598352,100,
1598,20,405,20_405,3.505138706,1.951935708,7.57592149,8.272930995,15.94621745,35.98485434,18.03260954,5.151070242,3.579321536,100,
1600,20,411,20_411,0.083464046,0.306514513,2.403188902,7.875840037,21.13367199,44.54965391,16.85685916,4.402008893,2.388798549,100,
1601,20,306,20_306,0,0.216773448,5.106218989,7.92106235,19.06642902,38.23562471,21.03826453,5.525314321,2.890312635,100,
1602,20,308,20_308,1.188036085,1.178897346,9.232737575,11.03568025,18.57775109,35.40347533,16.14423541,4.382678173,2.856508741,100,
1604,20,302,20_302,2.469823325,0.92305122,8.384033859,11.50681499,19.28801147,36.50994751,14.67693207,3.908001169,2.333384382,100,
1608,20,414,20_414,1.510095583,0.583960183,7.208302698,11.61840394,18.9963803,36.34692608,16.71285561,4.366268876,2.656806742,100,
1609,20,415,20_415,0.252631579,0.933834586,3.506766917,7.778947368,21.28571429,38.76090226,20.46015038,4.538345865,2.482706767,100,
1610,20,401,20_401,1.39008158,0.88959854,6.853799914,9.678241735,19.24779948,41.3616359,14.62269214,3.096822671,2.859328038,100,
1611,20,406,20_406,0.223914017,0.468353486,2.604866398,6.208016122,18.49343186,40.65158979,23.7087625,5.064188685,2.576877146,100,
1612,20,416,20_416,0.371176602,0.57071891,3.929448538,8.984985488,21.90918732,47.82596562,11.82183523,2.637307435,1.94937486,100,
1613,20,313,20_313,0.127239589,0.751401355,4.855737818,10.01925788,21.03751848,34.91179201,20.47869597,4.945149421,2.873207469,100,
1614,20,412,20_412,1.567479338,0.358836179,3.311138171,8.830997228,20.92001969,46.70570252,13.99590642,2.549420939,1.760499521,100,
1615,20,413,20_413,0.402866105,0.211504705,5.458835717,10.29754539,22.78063941,37.33993266,18.1663837,3.519323185,1.822969123,100,
1616,20,314,20_314,0.644101216,1.16168255,6.168255012,10.66874795,20.60959579,43.65428853,11.89944134,2.799868551,2.39401906,100,
1617,20,315,20_315,0.305156086,0.370045598,3.967029113,7.858646089,19.71764293,39.04244125,20.88740793,5.005261312,2.846369695,100,
1621,20,410,20_410,0.477295031,0.162072144,3.601272787,8.290956672,20.34971898,53.55666577,9.624706337,2.095042674,1.842269605,100,
1622,11,111,11_111,2.282862604,1.764099141,15.14121894,10.25088736,16.99784607,30.35979735,16.59891393,3.693535176,2.910839426,100,
1623,11,114,11_114,5.440776699,3.377346278,9.501618123,8.833656958,16.0802589,36.18252427,14.04919094,3.770873786,2.763754045,100,
1624,19,106,19_106,0,0.052692291,13.40947607,27.09807887,30.31942921,17.63482818,8.805309104,1.368575457,1.311610818,100,
1625,11,205,11_205,5.3248633,1.793181087,17.71309103,13.71502091,16.52943069,29.29076874,10.79285944,2.93502734,1.905757478,100,
1626,19,207,19_207,0,0.094547747,11.89800849,24.64844747,31.95713835,18.48183333,10.45578017,1.133072201,1.331172242,100,
1627,11,112,11_112,4.945523322,3.879964837,14.25184475,10.57300408,15.68235702,31.28879299,12.52697195,3.762753403,3.088787661,100,
1628,19,208,19_208,0,0.029574549,11.17354627,26.04250285,32.64466884,17.70388835,10.23138564,0.995676483,1.178757024,100,
1629,11,115,11_115,4.201289218,3.972150879,11.72130735,9.976330765,16.51810445,33.95653926,12.98156821,3.727904517,2.944805358,100,
1630,11,108,11_108,9.099103674,2.461722063,17.82748902,11.87060407,16.0932382,20.86560191,15.94723612,3.16761039,2.667394561,100,
1631,11,113,11_113,2.382960776,3.021228736,10.89835512,11.00520174,18.07957261,35.32264867,13.28975116,3.462673977,2.537607198,100,
1632,19,209,19_209,0.407896647,0.158223254,10.91885615,26.66279576,31.16852954,18.52953985,9.910001452,1.061111918,1.183045435,100,
1636,11,107,11_107,2.667669064,1.515721059,19.89959864,15.93083462,17.97160145,27.99961198,9.781857425,2.543986225,1.689119548,100,
1637,11,214,11_214,4.643217432,3.680139888,12.84417244,10.00201762,16.46512879,26.16853857,18.55538368,4.180509785,3.460891788,100,
1638,11,116,11_116,2.980515082,2.332346027,11.18490085,13.19980342,18.00130165,33.09514006,12.36435601,3.713689915,3.127946978,100,
1639,19,109,19_109,0,0.018158943,19.17714049,32.63161991,26.8791263,12.22745373,7.373827775,0.778240398,0.914432468,100,
1641,19,108,19_108,0.069244085,0,10.01602872,25.26383279,31.9612746,19.20497532,10.68795281,1.369494133,1.427197538,100,
1642,19,107,19_107,0,0,21.0651365,27.15739454,26.49541997,18.84161922,4.565084204,1.204405194,0.670940363,100,
1646,17,216,17_216,0.346393358,1.429683446,15.75376232,11.21043072,16.2195122,40.77192527,9.579657499,1.443954333,3.244680851,100,
1647,11,210,11_210,6.043324739,3.046183163,22.64460262,9.941430333,15.01793521,22.15138437,15.55038673,2.901860778,2.702892052,100,
1648,11,102,11_102,4.807791805,3.114652318,15.09080091,13.30582575,16.75807119,30.01733237,11.4160803,3.115945778,2.373499586,100,
1649,11,105,11_105,0.586706369,2.387200969,22.01347532,12.37382659,17.4724942,22.80836782,17.15201373,3.031947108,2.173967901,100,
1650,17,403,17_403,6.745017218,2.861838673,12.23651257,11.16951894,15.57706355,28.74230408,14.56746322,4.431023688,3.669258061,100,
1651,11,106,11_106,11.40131702,2.428544741,15.63492434,10.77316458,15.30917243,21.86974594,16.92742387,3.225994769,2.429712311,100,
1652,11,103,11_103,0.893859023,1.185861471,19.82428848,15.45572784,18.18065898,29.85693155,10.15505458,2.714730185,1.732887891,100,
1653,17,305,17_305,0.275551102,0.38606625,11.1561358,13.2721325,20.50571732,23.08587764,24.0274667,4.289461275,3.001591418,100,
1654,17,213,17_213,1.999381103,1.543804153,19.16001925,10.80490992,14.63003713,28.33344794,15.18360611,4.811924082,3.532870307,100,
1655,11,203,11_203,12.45659843,3.416571762,17.40368323,11.20941085,14.49404183,27.51173579,7.777561734,2.981861615,2.748534763,100,
1656,11,208,11_208,3.446173067,2.352976173,21.07415891,14.06282536,15.62007318,27.1990362,10.93791832,3.092185501,2.2146533,100,
1657,11,209,11_209,3.166215639,1.338840621,21.78464606,14.53211793,16.97478992,28.94886768,7.864976499,2.909841903,2.479703746,100,
1658,17,404,17_404,1.600363786,0.601419938,8.295194508,11.63087485,18.16288212,37.81757906,15.37288036,4.146863815,2.37194156,100,
1659,17,209,17_209,0.472327335,0.626139983,8.01323061,10.17477473,18.49290828,39.12694308,13.59812702,5.835352408,3.660196554,100,
1660,17,210,17_210,1.709412351,3.154880478,12.2248506,9.869272908,16.56125498,33.86080677,12.51992032,5.860308765,4.239292829,100,
1664,17,311,17_311,4.527396126,1.372565249,18.23373614,12.24962755,15.02372676,27.48165315,14.07189759,4.167356398,2.872041053,100,
1665,17,410,17_410,2.819058423,1.254963131,11.89449801,11.23936472,17.46880318,33.89676687,11.82217811,5.480714691,4.123652864,100,
1666,17,316,17_316,1.071137881,0.561614846,11.13462478,14.88523523,21.18020511,31.4601986,13.38596777,3.866189158,2.454826632,100,
1667,17,412,17_412,3.856640814,1.201223946,18.49248667,10.46110034,16.14002666,31.15608337,10.81707465,4.479217159,3.396146389,100,
1668,17,414,17_414,1.269208723,1.660889265,22.95766575,11.44198488,14.13461801,26.35314027,14.0063324,4.581434069,3.594726642,100,
1669,17,310,17_310,9.23628343,2.337268466,13.06614532,8.712434519,14.48103867,31.68158007,11.69386169,5.104393814,3.68699401,100,
1670,17,214,17_214,2.269320238,1.701990178,18.73869217,11.48617214,15.12406307,27.99431378,14.69242698,4.516670974,3.476350478,100,
1671,17,416,17_416,2.857589821,2.729832612,18.44918392,9.719977056,16.1365177,28.62804401,11.57897481,4.315064922,5.584815143,100,
1672,17,314,17_314,1.800677483,1.528793011,19.05865573,10.46235217,14.16324954,27.87781542,16.08575504,5.052891187,3.969810424,100,
1673,17,415,17_415,1.363909301,1.473994224,19.90392589,10.74543219,15.10164984,30.14897206,11.64183799,4.936665428,4.683613073,100,
1674,17,315,17_315,1.03894613,1.574204288,15.35172058,9.904428436,14.42040008,30.80963178,17.5085383,5.368366673,4.02376374,100,
1675,17,212,17_212,2.324179855,0.897442616,17.22827796,12.41222094,17.20076512,31.482549,10.68153233,3.543915732,4.229116445,100,
1679,17,215,17_215,0.736420566,1.906899239,20.12255758,11.23578896,14.73244282,27.21799661,15.58577687,4.788077512,3.674039831,100,
1680,17,211,17_211,2.71216098,1.388888889,12.27471566,9.621609799,17.96806649,34.74190726,12.5328084,4.437882765,4.321959755,100,
1681,17,309,17_309,2.959658776,2.241721746,12.21958128,11.33884674,16.33347442,30.45290268,15.81415036,4.940904503,3.698759483,100,
1682,17,312,17_312,2.6734485,1.204912694,17.44564712,11.60717055,17.08432838,30.13057098,11.11869243,0.237260801,8.497968551,100,
1683,17,411,17_411,0.803716041,0.398802066,11.49955689,11.06102741,17.66188919,35.69966079,15.84818018,4.301255997,2.725911438,100,
1684,17,409,17_409,2.901522212,2.533395464,13.67816092,10.03883194,16.87946567,33.97328363,12.91705499,2.645231438,4.433053743,100,
1685,17,313,17_313,4.663069047,2.688529127,20.54517781,9.706655597,13.33748443,25.89456206,14.80559015,4.658917947,3.700013837,100,
1686,17,413,17_413,2.433706702,1.884555637,20.03651923,10.16951462,14.42373205,29.47701196,11.7788134,5.397487259,4.398659145,100,
1690,19,215,19_215,1.094185797,2.407868896,7.14273926,16.35502451,29.23605037,29.69484924,9.540706022,2.589408017,1.939167891,100,
1692,19,407,19_407,0.085748585,0.229182582,9.242138414,26.56958887,37.00441215,21.36387022,4.120609283,0.880871829,0.503578055,100,
1693,19,303,19_303,0,0.01310616,12.47415174,29.4102228,30.55628368,18.45201689,6.27493811,1.644094947,1.175185671,100,
1694,19,210,19_210,0.083129468,0.137418101,11.40061278,28.52189019,34.71588384,19.21851514,4.405861815,1.036573573,0.480115092,100,
XX,1,109,1_109,,,,,,,,,,,
XX,2,316,2_316,,,,,,,,,,,
XX,3,115,3_115,,,,,,,,,,,
XX,3,208,3_208,,,,,,,,,,,
XX,3,414,3_414,,,,,,,,,,,
XX,6,101,6-101,,,,,,,,,,,
XX,6,105,6_105,,,,,,,,,,,
XX,6,401,6_401,,,,,,,,,,,
XX,7,203,7_203,,,,,,,,,,,
XX,8,116,8_116,,,,,,,,,,,
XX,8,204,8_204,,,,,,,,,,,
XX,8,301,8_301,,,,,,,,,,,
XX,8,309,8_309,,,,,,,,,,,
XX,8,402,8_402,,,,,,,,,,,
XX,8,406,8_406,,,,,,,,,,,
XX,8,407,8_407,,,,,,,,,,,
XX,11,402,11_402,,,,,,,,,,,
XX,12,307,12_307,,,,,,,,,,,
XX,12,407,12_407,,,,,,,,,,,
XX,13,103,13_103,,,,,,,,,,,
XX,13,115,13_115,,,,,,,,,,,
XX,13,301,13_301,,,,,,,,,,,
XX,13,311,13_311,,,,,,,,,,,
XX,13,401,13_401,,,,,,,,,,,
XX,13,415,13_415,,,,,,,,,,,
XX,14,105,14_105,,,,,,,,,,,
XX,14,108,14_108,,,,,,,,,,,
XX,14,209,14_209,,,,,,,,,,,
XX,14,308,14_308,,,,,,,,,,,
XX,14,409,14_409,,,,,,,,,,,
XX,14,410,14_410,,,,,,,,,,,
XX,15,104,15_104,,,,,,,,,,,
XX,15,301,15_301,,,,,,,,,,,
XX,16,112,16_112,,,,,,,,,,,
XX,16,208,16_208,,,,,,,,,,,
XX,16,210,16_210,,,,,,,,,,,
XX,16,212,16_212,,,,,,,,,,,
XX,16,408,16_408,,,,,,,,,,,
XX,16,410,16_410,,,,,,,,,,,
XX,19,115,19_115,,,,,,,,,,,
XX,19,206,19_206,,,,,,,,,,,
XX,19,406,19_406,,,,,,,,,,,
XX,20,301,20_301,,,,,,,,,,,
XX,20,307,20_307,,,,,,,,,,,
xx1105,13,108,13_108,4.298653376,2.584623249,31.22154598,0.667720963,23.43093561,20.80797431,11.97904187,2.7954825,2.21402214,100,
xx1111,13,108,13_108,0.338836986,0.156687624,36.68644848,0.66200521,29.53561706,18.49305678,10.85257653,2.05652506,1.218246274,100,
xx391,5,408,5_408,0.336663118,0.339787044,7.883588094,11.13439371,40.63555076,22.33607198,11.48835857,3.03789803,2.807688703,100,
xx404,5,408,5_408,2.879409129,1.124718277,19.734615,6.031082268,21.53021787,28.69108716,12.63294141,4.249961532,3.125967361,100,
